model,stage,unit_id,output_text,cited_pages,issue_families,precision_families,review_status,unit_definition
gemma26-off,H1-summary,H1-summary-U001,"Around A.D. 372, the Huns moved westward from the Don and Volga, nearly exterminating the Alans before attacking the Goths [PDF p. 61].",[61],[],[],no additional material issue identified in supplied-text review,"Citation-delimited segment, possibly multiple claims or a sentence fragment. Not an atomic claim or accuracy denominator."
gemma26-off,H1-summary,H1-summary-U002,"The Ostrogoths were crushed and forced into vassalage, while a remnant fled toward the Danube [PDF p. 61].",[61],[],[],no additional material issue identified in supplied-text review,"Citation-delimited segment, possibly multiple claims or a sentence fragment. Not an atomic claim or accuracy denominator."
gemma26-off,H1-summary,H1-summary-U003,"The Huns then attacked the Visigoths, who, under Duke Fritigern, retreated to the Danube [PDF p. 61].",[61],[],[],no additional material issue identified in supplied-text review,"Citation-delimited segment, possibly multiple claims or a sentence fragment. Not an atomic claim or accuracy denominator."
gemma26-off,H1-summary,H1-summary-U004,The author notes that the Visigoths found surrender intolerable because they were more civilized and Christian than their eastern brethren [PDF p. 62].,[62],[],[],no additional material issue identified in supplied-text review,"Citation-delimited segment, possibly multiple claims or a sentence fragment. Not an atomic claim or accuracy denominator."
gemma26-off,H1-summary,H1-summary-U005,"In A.D. 376, the Visigoths requested permission to cross the border [PDF p. 62].",[62],[],[],no additional material issue identified in supplied-text review,"Citation-delimited segment, possibly multiple claims or a sentence fragment. Not an atomic claim or accuracy denominator."
gemma26-off,H1-summary,H1-summary-U006,"The author characterizes the Eastern Emperor, Valens, as a stupid, cowardly, and avaricious prince [PDF p. 62].",[62],[],[],no additional material issue identified in supplied-text review,"Citation-delimited segment, possibly multiple claims or a sentence fragment. Not an atomic claim or accuracy denominator."
gemma26-off,H1-summary,H1-summary-U007,Valens eventually allowed the Goths to settle as subject-allies if they surrendered their arms and provided hostages [PDF p. 63].,[63],[],[],no additional material issue identified in supplied-text review,"Citation-delimited segment, possibly multiple claims or a sentence fragment. Not an atomic claim or accuracy denominator."
gemma26-off,H1-summary,H1-summary-U008,"However, Roman officials accepted bribes to let the Goths keep their weapons, and the governor, Lupicinus, extorted the immigrants by withholding food [PDF p. 63].",[63],[],[],no additional material issue identified in supplied-text review,"Citation-delimited segment, possibly multiple claims or a sentence fragment. Not an atomic claim or accuracy denominator."
gemma26-off,H1-summary,H1-summary-U009,"This desperation led to a violent affray at Marcianopolis, prompting Fritigern to take up arms against Rome [PDF p. 64].",[64],[],[],no additional material issue identified in supplied-text review,"Citation-delimited segment, possibly multiple claims or a sentence fragment. Not an atomic claim or accuracy denominator."
gemma26-off,H1-summary,H1-summary-U010,"In A.D. 378, Valens engaged the Goths near Adrianople [PDF p. 65].",[65],[],[],no additional material issue identified in supplied-text review,"Citation-delimited segment, possibly multiple claims or a sentence fragment. Not an atomic claim or accuracy denominator."
gemma26-off,H1-summary,H1-summary-U011,"The author observes that the Goths had learned to fight on horseback, a new development in warfare [PDF p. 65].",[65],[],[],no additional material issue identified in supplied-text review,"Citation-delimited segment, possibly multiple claims or a sentence fragment. Not an atomic claim or accuracy denominator."
gemma26-off,H1-summary,H1-summary-U012,"A Gothic cavalry charge caused a fatal confusion among the Roman infantry, resulting in the death of forty thousand men and the Emperor himself [PDF p. 66].",[66],"[""H1-casualty-citation""]",[],issue recorded,"Citation-delimited segment, possibly multiple claims or a sentence fragment. Not an atomic claim or accuracy denominator."
gemma26-off,H1-summary,H1-summary-U013,The author describes this as the most fearful Roman defeat since Cannae [PDF p. 67].,[67],[],[],no additional material issue identified in supplied-text review,"Citation-delimited segment, possibly multiple claims or a sentence fragment. Not an atomic claim or accuracy denominator."
gemma26-off,H1-summary,H1-summary-U014,"Although the Goths approached Constantinople, they failed to attack the city walls and retreated [PDF p. 67].",[67],[],[],no additional material issue identified in supplied-text review,"Citation-delimited segment, possibly multiple claims or a sentence fragment. Not an atomic claim or accuracy denominator."
gemma26-off,H2-summary,H2-summary-U001,"The author describes the decay of the Latin tongue in the East, noting that while a large Latin-speaking population existed in the Balkans, this element vanished by the seventh century [PDF p. 169].",[169],"[""H2-Latin-extinction""]",[],issue recorded,"Citation-delimited segment, possibly multiple claims or a sentence fragment. Not an atomic claim or accuracy denominator."
gemma26-off,H2-summary,H2-summary-U002,The author attributes this decline to the division of the empire and the decimation of Latin-speaking provinces by barbarians like the Visigoths and Slavs [PDF p. 170].,[170],[],[],no additional material issue identified in supplied-text review,"Citation-delimited segment, possibly multiple claims or a sentence fragment. Not an atomic claim or accuracy denominator."
gemma26-off,H2-summary,H2-summary-U003,"By A.D. 620, less than one tenth of provincials east of the Adriatic spoke Latin [PDF p. 170].",[170],[],[],no additional material issue identified in supplied-text review,"Citation-delimited segment, possibly multiple claims or a sentence fragment. Not an atomic claim or accuracy denominator."
gemma26-off,H2-summary,H2-summary-U004,"Simultaneously, the empire became increasingly Christian [PDF p. 171].",[171],[],[],no additional material issue identified in supplied-text review,"Citation-delimited segment, possibly multiple claims or a sentence fragment. Not an atomic claim or accuracy denominator."
gemma26-off,H2-summary,H2-summary-U005,"The author evaluates Christianity as a force that improved the condition of vulnerable classes, such as infants and slaves, by emphasizing the importance of the individual soul [PDF p. 172, 173].","[172, 173]","[""H2-soul-citation""]",[],issue recorded,"Citation-delimited segment, possibly multiple claims or a sentence fragment. Not an atomic claim or accuracy denominator."
gemma26-off,H2-summary,H2-summary-U006,"However, the author judges the rise of ascetic monasticism as ""positively dangerous"" because it led thousands to abandon civic duties to focus on personal salvation [PDF p. 174].",[174],[],[],no additional material issue identified in supplied-text review,"Citation-delimited segment, possibly multiple claims or a sentence fragment. Not an atomic claim or accuracy denominator."
gemma26-off,H2-summary,H2-summary-U007,"This ""apathetic attitude"" caused many to view barbarian invasions as divine judgments rather than national calamities [PDF p. 175].",[175],[],[],no additional material issue identified in supplied-text review,"Citation-delimited segment, possibly multiple claims or a sentence fragment. Not an atomic claim or accuracy denominator."
gemma26-off,H2-summary,H2-summary-U008,"While the author notes that the governing classes fought to preserve the state, paganism effectively disappeared by the end of the fifth century, replaced by a widespread indifference among the educated classes [PDF p. 175, 176].","[175, 176]",[],[],no additional material issue identified in supplied-text review,"Citation-delimited segment, possibly multiple claims or a sentence fragment. Not an atomic claim or accuracy denominator."
gemma26-off,H3-summary,H3-summary-U001,The eighty years following the death of Basil the Macedonian were the most monotonous in the empire's history [PDF p. 241].,[241],[],"[""H3-unattributed-monotony""]",precision note,"Citation-delimited segment, possibly multiple claims or a sentence fragment. Not an atomic claim or accuracy denominator."
gemma26-off,H3-summary,H3-summary-U002,"The author characterizes this era as being defined by the reigns of Leo the Wise and Constantine Porphyrogenitus, whom the author describes as mild, inoffensive men of literature [PDF p. 241].",[241],[],[],no additional material issue identified in supplied-text review,"Citation-delimited segment, possibly multiple claims or a sentence fragment. Not an atomic claim or accuracy denominator."
gemma26-off,H3-summary,H3-summary-U003,"While the author notes that the period 880–960 was less troubled by foreign wars than other eras, Leo's reign was interrupted by a Bulgarian invasion and a Saracen raid on Thessalonica in 904 [PDF p. 242].",[242],[],[],no additional material issue identified in supplied-text review,"Citation-delimited segment, possibly multiple claims or a sentence fragment. Not an atomic claim or accuracy denominator."
gemma26-off,H3-summary,H3-summary-U004,The author evaluates the loss of Thessalonica as a disgraceful incident for Leo's administration [PDF p. 242].,[242],[],[],no additional material issue identified in supplied-text review,"Citation-delimited segment, possibly multiple claims or a sentence fragment. Not an atomic claim or accuracy denominator."
gemma26-off,H3-summary,H3-summary-U005,"Constantine VII's reign began under the tutelage of guardians, including the emperor-regent Alexander and later the ambitious admiral Romanus Lecapenus, who usurped power and kept the rightful heir in the background [PDF p. 243].",[243],[],[],no additional material issue identified in supplied-text review,"Citation-delimited segment, possibly multiple claims or a sentence fragment. Not an atomic claim or accuracy denominator."
gemma26-off,H3-summary,H3-summary-U006,Constantine eventually regained power after a popular uprising against the sons of Romanus [PDF p. 243].,[243],[],[],no additional material issue identified in supplied-text review,"Citation-delimited segment, possibly multiple claims or a sentence fragment. Not an atomic claim or accuracy denominator."
gemma26-off,H3-summary,H3-summary-U007,The author describes Constantine as a somewhat weak and ineffective ruler [PDF p. 243].,[243],[],[],no additional material issue identified in supplied-text review,"Citation-delimited segment, possibly multiple claims or a sentence fragment. Not an atomic claim or accuracy denominator."
gemma26-off,H3-summary,H3-summary-U008,"Ultimately, the author identifies the chief achievements of both emperors as their books [PDF p. 244].",[244],[],"[""H3-chief-books-locator""]",precision note,"Citation-delimited segment, possibly multiple claims or a sentence fragment. Not an atomic claim or accuracy denominator."
gemma26-off,H3-summary,H3-summary-U009,"Leo's military manual provides a detailed picture of the organized Byzantine army and fleet [PDF p. 244, 246],","[244, 246]",[],[],no additional material issue identified in supplied-text review,"Citation-delimited segment, possibly multiple claims or a sentence fragment. Not an atomic claim or accuracy denominator."
gemma26-off,H3-summary,H3-summary-U010,"while Constantine's works, though sometimes focused on trifling topics like court ceremonies, demonstrate his skill as a methodical compiler [PDF p. 246].",[246],[],"[""H3-compiler-locator""]",precision note,"Citation-delimited segment, possibly multiple claims or a sentence fragment. Not an atomic claim or accuracy denominator."
gemma26-off,H4-summary,H4-summary-U001,The author characterizes the final seventy-five years of the Byzantine Empire as a mere piece of local history that no longer serves as an important thread in Christendom [PDF p. 358].,[358],[],[],no additional material issue identified in supplied-text review,"Citation-delimited segment, possibly multiple claims or a sentence fragment. Not an atomic claim or accuracy denominator."
gemma26-off,H4-summary,H4-summary-U002,"The author judges the Paleologi dynasty as having practiced a base subservience to the Turks, which unnecessarily protracted the empire's existence [PDF p. 358].",[358],[],[],no additional material issue identified in supplied-text review,"Citation-delimited segment, possibly multiple claims or a sentence fragment. Not an atomic claim or accuracy denominator."
gemma26-off,H4-summary,H4-summary-U003,"During the reign of John Paleologus, the emperor was vexed by the undutiful behavior of his son, Andronicus, who rebelled and was eventually blinded [PDF p. 359].",[359],[],[],no additional material issue identified in supplied-text review,"Citation-delimited segment, possibly multiple claims or a sentence fragment. Not an atomic claim or accuracy denominator."
gemma26-off,H4-summary,H4-summary-U004,"Consequently, John left the throne to his second son, Manuel II [PDF p. 359].",[359],[],[],no additional material issue identified in supplied-text review,"Citation-delimited segment, possibly multiple claims or a sentence fragment. Not an atomic claim or accuracy denominator."
gemma26-off,H4-summary,H4-summary-U005,"Manuel II experienced a period of potential liberation when the Tartars defeated Sultan Bayezid at Angora in 1402, causing Ottoman civil war [PDF p. 360].",[360],[],[],no additional material issue identified in supplied-text review,"Citation-delimited segment, possibly multiple claims or a sentence fragment. Not an atomic claim or accuracy denominator."
gemma26-off,H4-summary,H4-summary-U006,"Manuel sold his aid to the pretender Suleiman, briefly regaining significant territories [PDF p. 361].",[361],[],"[""H4-gains-locator""]",precision note,"Citation-delimited segment, possibly multiple claims or a sentence fragment. Not an atomic claim or accuracy denominator."
gemma26-off,H4-summary,H4-summary-U007,"However, the rise of Mohammed, a man of genius, reunited the Ottoman realm by 1421 [PDF p. 362].",[362],[],"[""H4-unattributed-genius""]",precision note,"Citation-delimited segment, possibly multiple claims or a sentence fragment. Not an atomic claim or accuracy denominator."
gemma26-off,H4-summary,H4-summary-U008,"After Manuel's death, his successor John VI presided over an empire in a state of exhaustion and debility [PDF p. 365].",[365],[],[],no additional material issue identified in supplied-text review,"Citation-delimited segment, possibly multiple claims or a sentence fragment. Not an atomic claim or accuracy denominator."
gemma26-off,H4-summary,H4-summary-U009,"Despite John's attempt to secure Western aid through conversion to Roman Catholicism at the Council of Florence, the author notes he received only a small sum of money and three hundred mercenaries [PDF p. 367].",[367],[],[],no additional material issue identified in supplied-text review,"Citation-delimited segment, possibly multiple claims or a sentence fragment. Not an atomic claim or accuracy denominator."
gemma26-off,merged-summary-synthesis,merged-summary-synthesis-U001,"Around A.D. 372, the Huns moved westward from the Don and Volga, nearly exterminating the Alans and attacking the Goths [PDF p. 61].",[61],[],[],no additional material issue identified in supplied-text review,"Citation-delimited segment, possibly multiple claims or a sentence fragment. Not an atomic claim or accuracy denominator."
gemma26-off,merged-summary-synthesis,merged-summary-synthesis-U002,"The Ostrogoths were crushed into vassalage, while a remnant fled toward the Danube [PDF p. 61].",[61],[],[],no additional material issue identified in supplied-text review,"Citation-delimited segment, possibly multiple claims or a sentence fragment. Not an atomic claim or accuracy denominator."
gemma26-off,merged-summary-synthesis,merged-summary-synthesis-U003,"The Huns also attacked the Visigoths, who retreated to the Danube under Duke Fritigern [PDF p. 61].",[61],[],[],no additional material issue identified in supplied-text review,"Citation-delimited segment, possibly multiple claims or a sentence fragment. Not an atomic claim or accuracy denominator."
gemma26-off,merged-summary-synthesis,merged-summary-synthesis-U004,The author judges that the Visigoths found surrender intolerable because they were more civilized and Christian than their eastern counterparts [PDF p. 62].,[62],[],[],no additional material issue identified in supplied-text review,"Citation-delimited segment, possibly multiple claims or a sentence fragment. Not an atomic claim or accuracy denominator."
gemma26-off,merged-summary-synthesis,merged-summary-synthesis-U005,"In A.D. 376, the Visigoths requested permission to cross the border [PDF p. 62].",[62],[],[],no additional material issue identified in supplied-text review,"Citation-delimited segment, possibly multiple claims or a sentence fragment. Not an atomic claim or accuracy denominator."
gemma26-off,merged-summary-synthesis,merged-summary-synthesis-U006,"The author characterizes the Eastern Emperor, Valens, as a stupid, cowardly, and avaricious prince [PDF p. 62].",[62],[],[],no additional material issue identified in supplied-text review,"Citation-delimited segment, possibly multiple claims or a sentence fragment. Not an atomic claim or accuracy denominator."
gemma26-off,merged-summary-synthesis,merged-summary-synthesis-U007,"Although Valens allowed the Goths to settle as subject-allies provided they surrendered arms and gave hostages, Roman officials accepted bribes to let the Goths keep weapons [PDF p. 63].",[63],[],[],no additional material issue identified in supplied-text review,"Citation-delimited segment, possibly multiple claims or a sentence fragment. Not an atomic claim or accuracy denominator."
gemma26-off,merged-summary-synthesis,merged-summary-synthesis-U008,"The governor, Lupicinus, further extorted the immigrants by withholding food [PDF p. 63].",[63],[],[],no additional material issue identified in supplied-text review,"Citation-delimited segment, possibly multiple claims or a sentence fragment. Not an atomic claim or accuracy denominator."
gemma26-off,merged-summary-synthesis,merged-summary-synthesis-U009,"This desperation caused a violent affray at Marcianopolis, leading Fritigern to take up arms against Rome [PDF p. 64].",[64],[],[],no additional material issue identified in supplied-text review,"Citation-delimited segment, possibly multiple claims or a sentence fragment. Not an atomic claim or accuracy denominator."
gemma26-off,merged-summary-synthesis,merged-summary-synthesis-U010,"In A.D. 378, Valens engaged the Goths near Adrianople [PDF p. 65].",[65],[],[],no additional material issue identified in supplied-text review,"Citation-delimited segment, possibly multiple claims or a sentence fragment. Not an atomic claim or accuracy denominator."
gemma26-off,merged-summary-synthesis,merged-summary-synthesis-U011,"The author observes that the Goths had learned to fight on horseback, which he calls a new development in warfare [PDF p. 65].",[65],[],[],no additional material issue identified in supplied-text review,"Citation-delimited segment, possibly multiple claims or a sentence fragment. Not an atomic claim or accuracy denominator."
gemma26-off,merged-summary-synthesis,merged-summary-synthesis-U012,"A Gothic cavalry charge caused confusion among the Roman infantry, resulting in the death of forty thousand men and the Emperor [PDF p. 66].",[66],"[""H1-casualty-citation""]",[],issue recorded,"Citation-delimited segment, possibly multiple claims or a sentence fragment. Not an atomic claim or accuracy denominator."
gemma26-off,merged-summary-synthesis,merged-summary-synthesis-U013,The author describes this as the most fearful Roman defeat since Cannae [PDF p. 67].,[67],[],[],no additional material issue identified in supplied-text review,"Citation-delimited segment, possibly multiple claims or a sentence fragment. Not an atomic claim or accuracy denominator."
gemma26-off,merged-summary-synthesis,merged-summary-synthesis-U014,"The author describes a decay of the Latin tongue in the East, noting that a large Latin-speaking population in the Balkans vanished by the seventh century [PDF p. 169].",[169],"[""H2-Latin-extinction""]",[],issue recorded,"Citation-delimited segment, possibly multiple claims or a sentence fragment. Not an atomic claim or accuracy denominator."
gemma26-off,merged-summary-synthesis,merged-summary-synthesis-U015,This decline is attributed to the division of the empire and the decimation of Latin-speaking provinces by barbarians such as the Visigoths and Slavs [PDF p. 170].,[170],[],[],no additional material issue identified in supplied-text review,"Citation-delimited segment, possibly multiple claims or a sentence fragment. Not an atomic claim or accuracy denominator."
gemma26-off,merged-summary-synthesis,merged-summary-synthesis-U016,"By A.D. 620, less than one tenth of provincials east of the Adriatic spoke Latin [PDF p. 170].",[170],[],[],no additional material issue identified in supplied-text review,"Citation-delimited segment, possibly multiple claims or a sentence fragment. Not an atomic claim or accuracy denominator."
gemma26-off,merged-summary-synthesis,merged-summary-synthesis-U017,"Simultaneously, the empire became increasingly Christian [PDF p. 171].",[171],[],[],no additional material issue identified in supplied-text review,"Citation-delimited segment, possibly multiple claims or a sentence fragment. Not an atomic claim or accuracy denominator."
gemma26-off,merged-summary-synthesis,merged-summary-synthesis-U018,"The author evaluates Christianity as a force that improved the condition of vulnerable classes by emphasizing the importance of the individual soul [PDF p. 172, 173].","[172, 173]","[""H2-soul-citation""]",[],issue recorded,"Citation-delimited segment, possibly multiple claims or a sentence fragment. Not an atomic claim or accuracy denominator."
gemma26-off,merged-summary-synthesis,merged-summary-synthesis-U019,"However, the author judges the rise of ascetic monasticism as positively dangerous because it led thousands to abandon civic duties [PDF p. 174].",[174],[],[],no additional material issue identified in supplied-text review,"Citation-delimited segment, possibly multiple claims or a sentence fragment. Not an atomic claim or accuracy denominator."
gemma26-off,merged-summary-synthesis,merged-summary-synthesis-U020,This apathetic attitude caused many to view barbarian invasions as divine judgments rather than national calamities [PDF p. 175].,[175],[],[],no additional material issue identified in supplied-text review,"Citation-delimited segment, possibly multiple claims or a sentence fragment. Not an atomic claim or accuracy denominator."
gemma26-off,merged-summary-synthesis,merged-summary-synthesis-U021,"While the governing classes fought to preserve the state, the author notes that paganism disappeared by the end of the fifth century, replaced by widespread indifference among the educated classes [PDF p. 175, 176].","[175, 176]","[""H2-paganism-extinction""]",[],issue recorded,"Citation-delimited segment, possibly multiple claims or a sentence fragment. Not an atomic claim or accuracy denominator."
gemma26-off,merged-summary-synthesis,merged-summary-synthesis-U022,The eighty years following the death of Basil the Macedonian are characterized by the author as the most monotonous in the empire's history [PDF p. 241].,[241],[],[],no additional material issue identified in supplied-text review,"Citation-delimited segment, possibly multiple claims or a sentence fragment. Not an atomic claim or accuracy denominator."
gemma26-off,merged-summary-synthesis,merged-summary-synthesis-U023,"This era was defined by the reigns of Leo the Wise and Constantine Porphyrogenitus, whom the author describes as mild, inoffensive men of literature [PDF p. 241].",[241],[],[],no additional material issue identified in supplied-text review,"Citation-delimited segment, possibly multiple claims or a sentence fragment. Not an atomic claim or accuracy denominator."
gemma26-off,merged-summary-synthesis,merged-summary-synthesis-U024,"Although the period 880–960 was less troubled by foreign wars, Leo's reign was interrupted by a Bulgarian invasion and a Saracen raid on Thessalonica in 904 [PDF p. 242].",[242],[],[],no additional material issue identified in supplied-text review,"Citation-delimited segment, possibly multiple claims or a sentence fragment. Not an atomic claim or accuracy denominator."
gemma26-off,merged-summary-synthesis,merged-summary-synthesis-U025,The author evaluates the loss of Thessalonica as a disgraceful incident for Leo's administration [PDF p. 242].,[242],[],[],no additional material issue identified in supplied-text review,"Citation-delimited segment, possibly multiple claims or a sentence fragment. Not an atomic claim or accuracy denominator."
gemma26-off,merged-summary-synthesis,merged-summary-synthesis-U026,"Constantine VII's reign began under guardians, including the emperor-regent Alexander and the ambitious admiral Romanus Lecapenus, who usurped power [PDF p. 243].",[243],[],[],no additional material issue identified in supplied-text review,"Citation-delimited segment, possibly multiple claims or a sentence fragment. Not an atomic claim or accuracy denominator."
gemma26-off,merged-summary-synthesis,merged-summary-synthesis-U027,Constantine eventually regained power following a popular uprising against the sons of Romanus [PDF p. 243].,[243],[],[],no additional material issue identified in supplied-text review,"Citation-delimited segment, possibly multiple claims or a sentence fragment. Not an atomic claim or accuracy denominator."
gemma26-off,merged-summary-synthesis,merged-summary-synthesis-U028,The author describes Constantine as a somewhat weak and ineffective ruler [PDF p. 243].,[243],[],[],no additional material issue identified in supplied-text review,"Citation-delimited segment, possibly multiple claims or a sentence fragment. Not an atomic claim or accuracy denominator."
gemma26-off,merged-summary-synthesis,merged-summary-synthesis-U029,The author identifies the chief achievements of both emperors as their books [PDF p. 244].,[244],[],"[""H3-chief-books-locator""]",precision note,"Citation-delimited segment, possibly multiple claims or a sentence fragment. Not an atomic claim or accuracy denominator."
gemma26-off,merged-summary-synthesis,merged-summary-synthesis-U030,"Leo's military manual provides a detailed picture of the Byzantine army and fleet [PDF p. 244, 246],","[244, 246]",[],[],no additional material issue identified in supplied-text review,"Citation-delimited segment, possibly multiple claims or a sentence fragment. Not an atomic claim or accuracy denominator."
gemma26-off,merged-summary-synthesis,merged-summary-synthesis-U031,while Constantine's works demonstrate his skill as a methodical compiler [PDF p. 246].,[246],[],"[""H3-compiler-locator""]",precision note,"Citation-delimited segment, possibly multiple claims or a sentence fragment. Not an atomic claim or accuracy denominator."
gemma26-off,merged-summary-synthesis,merged-summary-synthesis-U032,The author characterizes the final seventy-five years of the Byzantine Empire as a mere piece of local history that no longer serves as an important thread in Christendom [PDF p. 358].,[358],[],[],no additional material issue identified in supplied-text review,"Citation-delimited segment, possibly multiple claims or a sentence fragment. Not an atomic claim or accuracy denominator."
gemma26-off,merged-summary-synthesis,merged-summary-synthesis-U033,"The author judges the Paleologi dynasty as having practiced a base subservience to the Turks, which he claims unnecessarily protracted the empire's existence [PDF p. 358].",[358],[],[],no additional material issue identified in supplied-text review,"Citation-delimited segment, possibly multiple claims or a sentence fragment. Not an atomic claim or accuracy denominator."
gemma26-off,merged-summary-synthesis,merged-summary-synthesis-U034,"During the reign of John Paleologus, the emperor was vexed by his son Andronicus, who rebelled and was blinded [PDF p. 359].",[359],[],[],no additional material issue identified in supplied-text review,"Citation-delimited segment, possibly multiple claims or a sentence fragment. Not an atomic claim or accuracy denominator."
gemma26-off,merged-summary-synthesis,merged-summary-synthesis-U035,"Consequently, John left the throne to his second son, Manuel II [PDF p. 359].",[359],[],[],no additional material issue identified in supplied-text review,"Citation-delimited segment, possibly multiple claims or a sentence fragment. Not an atomic claim or accuracy denominator."
gemma26-off,merged-summary-synthesis,merged-summary-synthesis-U036,Manuel II experienced potential liberation when the Tartars defeated Sultan Bayezid at Angora in 1402 [PDF p. 360].,[360],[],[],no additional material issue identified in supplied-text review,"Citation-delimited segment, possibly multiple claims or a sentence fragment. Not an atomic claim or accuracy denominator."
gemma26-off,merged-summary-synthesis,merged-summary-synthesis-U037,"Manuel sold his aid to the pretender Suleiman, briefly regaining significant territories [PDF p. 361].",[361],[],[],no additional material issue identified in supplied-text review,"Citation-delimited segment, possibly multiple claims or a sentence fragment. Not an atomic claim or accuracy denominator."
gemma26-off,merged-summary-synthesis,merged-summary-synthesis-U038,"However, the rise of Mohammed reunited the Ottoman realm by 1421 [PDF p. 362].",[362],[],[],no additional material issue identified in supplied-text review,"Citation-delimited segment, possibly multiple claims or a sentence fragment. Not an atomic claim or accuracy denominator."
gemma26-off,merged-summary-synthesis,merged-summary-synthesis-U039,"After Manuel's death, his successor John VI presided over an empire in a state of exhaustion and debility [PDF p. 365].",[365],[],[],no additional material issue identified in supplied-text review,"Citation-delimited segment, possibly multiple claims or a sentence fragment. Not an atomic claim or accuracy denominator."
gemma26-off,merged-summary-synthesis,merged-summary-synthesis-U040,"Despite John's attempt to secure Western aid through conversion to Roman Catholicism at the Council of Florence, the author notes he received only a small sum of money and three hundred mercenaries [PDF p. 367].",[367],[],[],no additional material issue identified in supplied-text review,"Citation-delimited segment, possibly multiple claims or a sentence fragment. Not an atomic claim or accuracy denominator."
gemma26-off,full-source-control,full-source-control-U001,"Around A.D. 372, Huns from beyond the Don and Volga moved westward, nearly exterminating the Alans and subsequently attacking the Goths (61).",[61],[],[],no additional material issue identified in supplied-text review,"Citation-delimited segment, possibly multiple claims or a sentence fragment. Not an atomic claim or accuracy denominator."
gemma26-off,full-source-control,full-source-control-U002,"The author describes the Huns as savages with ""shapeless black collops of flesh"" who possessed a ""ferocity of the wild beast"" (61).",[61],"[""H1-quoted-historian-attribution""]",[],issue recorded,"Citation-delimited segment, possibly multiple claims or a sentence fragment. Not an atomic claim or accuracy denominator."
gemma26-off,full-source-control,full-source-control-U003,"The Ostrogoths attempted to defend the Dniester but were crushed and forced into vassalage, leaving only a remnant to flee toward the Danube (61).",[61],[],[],no additional material issue identified in supplied-text review,"Citation-delimited segment, possibly multiple claims or a sentence fragment. Not an atomic claim or accuracy denominator."
gemma26-off,full-source-control,full-source-control-U004,"The Visigoths, led by Duke Fritigern, were also driven back by the Huns until they reached the Danube (61).",[61],[],[],no additional material issue identified in supplied-text review,"Citation-delimited segment, possibly multiple claims or a sentence fragment. Not an atomic claim or accuracy denominator."
gemma26-off,full-source-control,full-source-control-U005,"The author notes that the Visigoths found surrender more dreadful than their eastern brethren because they were more civilized and Christian, making the prospect of slavery to savages ""intolerable"" (62).",[62],[],[],no additional material issue identified in supplied-text review,"Citation-delimited segment, possibly multiple claims or a sentence fragment. Not an atomic claim or accuracy denominator."
gemma26-off,full-source-control,full-source-control-U006,"In A.D. 376, the Visigoths requested permission from the Emperor Valens to cross the Danube (62).",[62],[],[],no additional material issue identified in supplied-text review,"Citation-delimited segment, possibly multiple claims or a sentence fragment. Not an atomic claim or accuracy denominator."
gemma26-off,full-source-control,full-source-control-U007,"The author characterizes Valens as a ""stupid, cowardly, and avaricious prince"" who ruled the East while his brother Valentinian held the West (62).",[62],[],[],no additional material issue identified in supplied-text review,"Citation-delimited segment, possibly multiple claims or a sentence fragment. Not an atomic claim or accuracy denominator."
gemma26-off,full-source-control,full-source-control-U008,Valens eventually allowed the Goths to settle as subject-allies on the condition that they surrender their arms and provide hostages (63).,[63],[],[],no additional material issue identified in supplied-text review,"Citation-delimited segment, possibly multiple claims or a sentence fragment. Not an atomic claim or accuracy denominator."
gemma26-off,full-source-control,full-source-control-U009,"However, once in Moesia, the Goths refused to disarm, and Roman officials accepted bribes to allow them to keep their weapons (63).",[63],[],[],no additional material issue identified in supplied-text review,"Citation-delimited segment, possibly multiple claims or a sentence fragment. Not an atomic claim or accuracy denominator."
gemma26-off,full-source-control,full-source-control-U010,"Furthermore, the governor Lupicinus withheld food to extort high prices, driving the Goths to desperation and causing them to sell children for slaves (63).",[63],[],[],no additional material issue identified in supplied-text review,"Citation-delimited segment, possibly multiple claims or a sentence fragment. Not an atomic claim or accuracy denominator."
gemma26-off,full-source-control,full-source-control-U011,"This tension culminated in a violent affray at Marcianopolis, leading Fritigern to take up arms against Rome (64).",[64],[],[],no additional material issue identified in supplied-text review,"Citation-delimited segment, possibly multiple claims or a sentence fragment. Not an atomic claim or accuracy denominator."
gemma26-off,full-source-control,full-source-control-U012,"The author observes that the subsequent Gothic war revealed that the ""barbarian spirit was but thinly covered by the veneer of Christianity"" (64).",[64],[],[],no additional material issue identified in supplied-text review,"Citation-delimited segment, possibly multiple claims or a sentence fragment. Not an atomic claim or accuracy denominator."
gemma26-off,full-source-control,full-source-control-U013,"In A.D. 378, Valens personally led an army of 60,000 against the Goths near Adrianople (65).",[65],[],[],no additional material issue identified in supplied-text review,"Citation-delimited segment, possibly multiple claims or a sentence fragment. Not an atomic claim or accuracy denominator."
gemma26-off,full-source-control,full-source-control-U014,"Although the Roman infantry was traditionally considered superior, the Goths had learned to fight on horseback during their time in Russia (65).",[65],[],[],no additional material issue identified in supplied-text review,"Citation-delimited segment, possibly multiple claims or a sentence fragment. Not an atomic claim or accuracy denominator."
gemma26-off,full-source-control,full-source-control-U015,"During the battle, a Gothic cavalry charge struck the Roman flank, causing ""hopeless confusion"" among the infantry (66).",[66],[],[],no additional material issue identified in supplied-text review,"Citation-delimited segment, possibly multiple claims or a sentence fragment. Not an atomic claim or accuracy denominator."
gemma26-off,full-source-control,full-source-control-U016,"The Roman army suffered a catastrophic defeat, losing forty thousand men and several high-ranking commanders (67).",[67],[],[],no additional material issue identified in supplied-text review,"Citation-delimited segment, possibly multiple claims or a sentence fragment. Not an atomic claim or accuracy denominator."
gemma26-off,full-source-control,full-source-control-U017,"While the Goths attempted to besiege Constantinople, they retreated after being intimidated by the city's massive walls (67).",[67],[],[],no additional material issue identified in supplied-text review,"Citation-delimited segment, possibly multiple claims or a sentence fragment. Not an atomic claim or accuracy denominator."
gemma26-off,full-source-control,full-source-control-U018,"By the ninth century, the Byzantine Empire experienced an intellectual recovery through the literary reigns of Leo the Wise and Constantine Porphyrogenitus (241).",[241],[],"[""H3-recovery-locator""]",precision note,"Citation-delimited segment, possibly multiple claims or a sentence fragment. Not an atomic claim or accuracy denominator."
gemma26-off,full-source-control,full-source-control-U019,"The author describes these emperors as ""easy-going, and inoffensive men of literature"" (241).",[241],[],[],no additional material issue identified in supplied-text review,"Citation-delimited segment, possibly multiple claims or a sentence fragment. Not an atomic claim or accuracy denominator."
gemma26-off,full-source-control,full-source-control-U020,"Leo’s *Tactica* provided a detailed account of the Byzantine army, noting its organized supply trains and specialized medical care (245).",[245],[],[],no additional material issue identified in supplied-text review,"Citation-delimited segment, possibly multiple claims or a sentence fragment. Not an atomic claim or accuracy denominator."
gemma26-off,full-source-control,full-source-control-U021,"Constantine Porphyrogenitus produced works on administration and court ceremonies, which the author characterizes as the products of a ""careful and methodical compiler"" (246).",[246],[],"[""H3-compiler-locator""]",precision note,"Citation-delimited segment, possibly multiple claims or a sentence fragment. Not an atomic claim or accuracy denominator."
gemma26-off,full-source-control,full-source-control-U022,These literary achievements signaled an end to the period of intellectual destitution that had persisted since the death of Justinian (247).,[247],[],[],no additional material issue identified in supplied-text review,"Citation-delimited segment, possibly multiple claims or a sentence fragment. Not an atomic claim or accuracy denominator."
qwen35-off-mtp,H1-summary,H1-summary-U001,The author argues that Constantine’s strategic foresight in establishing Constantinople proved vital as the Huns displaced the Goths [PDF p. 61].,[61],[],[],no additional material issue identified in supplied-text review,"Citation-delimited segment, possibly multiple claims or a sentence fragment. Not an atomic claim or accuracy denominator."
qwen35-off-mtp,H1-summary,H1-summary-U002,"After crushing the Ostrogoths, the Huns forced the Visigoths to seek refuge across the Danube in 376 [PDF p. 62].",[62],[],[],no additional material issue identified in supplied-text review,"Citation-delimited segment, possibly multiple claims or a sentence fragment. Not an atomic claim or accuracy denominator."
qwen35-off-mtp,H1-summary,H1-summary-U003,"The Eastern Emperor Valens, described by the author as stupid and cowardly, permitted their entry under strict conditions [PDF p. 63].",[63],[],"[""H1-character-locator""]",precision note,"Citation-delimited segment, possibly multiple claims or a sentence fragment. Not an atomic claim or accuracy denominator."
qwen35-off-mtp,H1-summary,H1-summary-U004,"However, Roman officials, particularly Governor Lupicinus, engaged in extortion and withheld food supplies, driving the starving Goths to desperation [PDF p. 64].",[64],[],"[""H1-food-locator""]",precision note,"Citation-delimited segment, possibly multiple claims or a sentence fragment. Not an atomic claim or accuracy denominator."
qwen35-off-mtp,H1-summary,H1-summary-U005,"A banquet incident at Marcianopolis triggered open rebellion, leading to a year of fierce fighting along the Balkans [PDF p. 64].",[64],[],[],no additional material issue identified in supplied-text review,"Citation-delimited segment, possibly multiple claims or a sentence fragment. Not an atomic claim or accuracy denominator."
qwen35-off-mtp,H1-summary,H1-summary-U006,"The author notes that while the Goths had adopted some civilization, their barbarian spirit remained potent [PDF p. 64].",[64],[],[],no additional material issue identified in supplied-text review,"Citation-delimited segment, possibly multiple claims or a sentence fragment. Not an atomic claim or accuracy denominator."
qwen35-off-mtp,H1-summary,H1-summary-U007,"In 378, Emperor Valens launched a major offensive against the Gothic forces near Adrianople [PDF p. 65].",[65],[],[],no additional material issue identified in supplied-text review,"Citation-delimited segment, possibly multiple claims or a sentence fragment. Not an atomic claim or accuracy denominator."
qwen35-off-mtp,H1-summary,H1-summary-U008,"The author highlights a critical shift in military tactics, noting that the Goths had adopted cavalry warfare, which contrasted sharply with traditional Roman infantry dominance [PDF p. 65].",[65],[],[],no additional material issue identified in supplied-text review,"Citation-delimited segment, possibly multiple claims or a sentence fragment. Not an atomic claim or accuracy denominator."
qwen35-off-mtp,H1-summary,H1-summary-U009,"During the battle, Gothic cavalry arrived unexpectedly and routed the Roman flanks [PDF p. 66].",[66],[],[],no additional material issue identified in supplied-text review,"Citation-delimited segment, possibly multiple claims or a sentence fragment. Not an atomic claim or accuracy denominator."
qwen35-off-mtp,H1-summary,H1-summary-U010,"The resulting crush of infantry led to a catastrophic defeat, killing forty thousand soldiers and the Emperor himself [PDF p. 67].",[67],[],[],no additional material issue identified in supplied-text review,"Citation-delimited segment, possibly multiple claims or a sentence fragment. Not an atomic claim or accuracy denominator."
qwen35-off-mtp,H1-summary,H1-summary-U011,"The author characterizes this as the most fearful defeat since Cannae, effectively destroying the Eastern Roman army [PDF p. 67].",[67],[],[],no additional material issue identified in supplied-text review,"Citation-delimited segment, possibly multiple claims or a sentence fragment. Not an atomic claim or accuracy denominator."
qwen35-off-mtp,H1-summary,H1-summary-U012,"Although the Goths advanced toward Constantinople, they abandoned the siege due to the city’s formidable walls [PDF p. 67].",[67],[],[],no additional material issue identified in supplied-text review,"Citation-delimited segment, possibly multiple claims or a sentence fragment. Not an atomic claim or accuracy denominator."
qwen35-off-mtp,H1-summary,H1-summary-U013,The author concludes that this event validated Constantine’s earlier prescience regarding the capital’s defensive importance [PDF p. 67].,[67],[],[],no additional material issue identified in supplied-text review,"Citation-delimited segment, possibly multiple claims or a sentence fragment. Not an atomic claim or accuracy denominator."
qwen35-off-mtp,H2-summary,H2-summary-U001,The author argues that Latin decayed in the East due to practical separation from the West and barbarian devastation [PDF p. 170].,[170],[],[],no additional material issue identified in supplied-text review,"Citation-delimited segment, possibly multiple claims or a sentence fragment. Not an atomic claim or accuracy denominator."
qwen35-off-mtp,H2-summary,H2-summary-U002,"By the seventh century, Latin knowledge was rare, with Justinian being the last emperor to speak it natively [PDF p. 169].",[169],[],[],no additional material issue identified in supplied-text review,"Citation-delimited segment, possibly multiple claims or a sentence fragment. Not an atomic claim or accuracy denominator."
qwen35-off-mtp,H2-summary,H2-summary-U003,The author attributes this linguistic shift to the division of the empire and the extermination of Latin-speaking populations by Slavs [PDF p. 170].,[170],"[""H2-Latin-extinction""]",[],issue recorded,"Citation-delimited segment, possibly multiple claims or a sentence fragment. Not an atomic claim or accuracy denominator."
qwen35-off-mtp,H2-summary,H2-summary-U004,"Simultaneously, the empire became increasingly Christian [PDF p. 171].",[171],[],[],no additional material issue identified in supplied-text review,"Citation-delimited segment, possibly multiple claims or a sentence fragment. Not an atomic claim or accuracy denominator."
qwen35-off-mtp,H2-summary,H2-summary-U005,"The author notes that Christian influence on state machinery began slowly, accelerating under Theodosius I [PDF p. 171].",[171],[],[],no additional material issue identified in supplied-text review,"Citation-delimited segment, possibly multiple claims or a sentence fragment. Not an atomic claim or accuracy denominator."
qwen35-off-mtp,H2-summary,H2-summary-U006,"The author highlights that gladiatorial games ended after a monk’s death, not state decree [PDF p. 171].",[171],[],[],no additional material issue identified in supplied-text review,"Citation-delimited segment, possibly multiple claims or a sentence fragment. Not an atomic claim or accuracy denominator."
qwen35-off-mtp,H2-summary,H2-summary-U007,Christianity also abolished infanticide and modified slavery by emphasizing the soul’s equality [PDF p. 173].,[173],[],[],no additional material issue identified in supplied-text review,"Citation-delimited segment, possibly multiple claims or a sentence fragment. Not an atomic claim or accuracy denominator."
qwen35-off-mtp,H2-summary,H2-summary-U008,The author credits these social improvements to the Christian belief in individual worth [PDF p. 174].,[174],[],[],no additional material issue identified in supplied-text review,"Citation-delimited segment, possibly multiple claims or a sentence fragment. Not an atomic claim or accuracy denominator."
qwen35-off-mtp,H2-summary,H2-summary-U009,"However, the author explicitly evaluates the rise of monasticism as dangerous [PDF p. 174].",[174],[],[],no additional material issue identified in supplied-text review,"Citation-delimited segment, possibly multiple claims or a sentence fragment. Not an atomic claim or accuracy denominator."
qwen35-off-mtp,H2-summary,H2-summary-U010,"The author claims monks neglected civic duties, harming the state during barbarian invasions [PDF p. 175].",[175],[],[],no additional material issue identified in supplied-text review,"Citation-delimited segment, possibly multiple claims or a sentence fragment. Not an atomic claim or accuracy denominator."
qwen35-off-mtp,H2-summary,H2-summary-U011,The author describes this apathy as maddening to pagans [PDF p. 176].,[176],[],[],no additional material issue identified in supplied-text review,"Citation-delimited segment, possibly multiple claims or a sentence fragment. Not an atomic claim or accuracy denominator."
qwen35-off-mtp,H2-summary,H2-summary-U012,The author concludes that governing classes preserved Roman traditions despite this religious shift [PDF p. 176].,[176],[],[],no additional material issue identified in supplied-text review,"Citation-delimited segment, possibly multiple claims or a sentence fragment. Not an atomic claim or accuracy denominator."
qwen35-off-mtp,H2-summary,H2-summary-U013,"The author observes that paganism vanished, though indifference persisted among educated Christians [PDF p. 176].",[176],"[""H2-paganism-extinction""]",[],issue recorded,"Citation-delimited segment, possibly multiple claims or a sentence fragment. Not an atomic claim or accuracy denominator."
qwen35-off-mtp,H2-summary,H2-summary-U014,"The author suggests that while Christianity improved social conditions, its ascetic elements posed significant political risks to the empire’s stability [PDF p. 174].",[174],[],[],no additional material issue identified in supplied-text review,"Citation-delimited segment, possibly multiple claims or a sentence fragment. Not an atomic claim or accuracy denominator."
qwen35-off-mtp,H3-summary,H3-summary-U001,"The author characterizes the eighty years following Basil the Macedonian’s death as the most monotonous period in imperial history, dominated by the literary reigns of Leo VI and Constantine VII [PDF p. 241].",[241],[],[],no additional material issue identified in supplied-text review,"Citation-delimited segment, possibly multiple claims or a sentence fragment. Not an atomic claim or accuracy denominator."
qwen35-off-mtp,H3-summary,H3-summary-U002,"While these emperors were mild men of letters rather than military conquerors, the era experienced relative peace, with external threats limited to vexatious but non-dangerous piratical raids [PDF p. 242].",[242],[],[],no additional material issue identified in supplied-text review,"Citation-delimited segment, possibly multiple claims or a sentence fragment. Not an atomic claim or accuracy denominator."
qwen35-off-mtp,H3-summary,H3-summary-U003,"The author notes that the capture of Thessalonica by Saracens in 904 was a disgraceful administrative failure, though it occurred by surprise [PDF p. 242].",[242],[],[],no additional material issue identified in supplied-text review,"Citation-delimited segment, possibly multiple claims or a sentence fragment. Not an atomic claim or accuracy denominator."
qwen35-off-mtp,H3-summary,H3-summary-U004,"Constantine VII’s path to power was obstructed by regents, including his uncle Alexander and the ambitious admiral Romanus Lecapenus, until popular wrath removed the Lecapenus family, allowing Constantine to rule for twenty years [PDF p. 243].",[243],[],"[""H3-succession-agency""]",precision note,"Citation-delimited segment, possibly multiple claims or a sentence fragment. Not an atomic claim or accuracy denominator."
qwen35-off-mtp,H3-summary,H3-summary-U005,"The author evaluates their chief achievements as literary rather than political, highlighting Leo’s military manual as a valuable record of Byzantine organization and tactics [PDF p. 244].",[244],[],[],no additional material issue identified in supplied-text review,"Citation-delimited segment, possibly multiple claims or a sentence fragment. Not an atomic claim or accuracy denominator."
qwen35-off-mtp,H3-summary,H3-summary-U006,"This work reveals a highly disciplined army with specialized units and medical support, reflecting confidence in the empire’s defensive capabilities [PDF p. 245].",[245],[],[],no additional material issue identified in supplied-text review,"Citation-delimited segment, possibly multiple claims or a sentence fragment. Not an atomic claim or accuracy denominator."
qwen35-off-mtp,H3-summary,H3-summary-U007,"Constantine’s writings, particularly on court ceremonies, demonstrate his methodical nature and compensation for his lack of real power during his youth [PDF p. 247].",[247],[],[],no additional material issue identified in supplied-text review,"Citation-delimited segment, possibly multiple claims or a sentence fragment. Not an atomic claim or accuracy denominator."
qwen35-off-mtp,H3-summary,H3-summary-U008,"The author concludes that the literary output of these emperors signals the end of the intellectual dearth that had plagued Byzantium since the seventh century, marking a significant cultural revival [PDF p. 247].",[247],[],[],no additional material issue identified in supplied-text review,"Citation-delimited segment, possibly multiple claims or a sentence fragment. Not an atomic claim or accuracy denominator."
qwen35-off-mtp,H4-summary,H4-summary-U001,"The author argues that the Byzantine Empire ceased to be a vital bulwark for Christendom after 1370, asserting that its prolonged existence resulted from the Paleologi’s subservience to the Turks [PDF p. 358].",[358],[],[],no additional material issue identified in supplied-text review,"Citation-delimited segment, possibly multiple claims or a sentence fragment. Not an atomic claim or accuracy denominator."
qwen35-off-mtp,H4-summary,H4-summary-U002,"The text suggests that an earlier fall of Constantinople would have only marginally altered European history, potentially affecting Italian commerce and the timing of the Renaissance [PDF p. 359].",[359],[],[],no additional material issue identified in supplied-text review,"Citation-delimited segment, possibly multiple claims or a sentence fragment. Not an atomic claim or accuracy denominator."
qwen35-off-mtp,H4-summary,H4-summary-U003,"During the reign of John Paleologus, internal strife weakened the state, as his son Andronicus rebelled and was subsequently blinded [PDF p. 359].",[359],[],[],no additional material issue identified in supplied-text review,"Citation-delimited segment, possibly multiple claims or a sentence fragment. Not an atomic claim or accuracy denominator."
qwen35-off-mtp,H4-summary,H4-summary-U004,"John’s successor, Manuel II, lacked the resources for rebellion but capitalized on the Ottoman civil war triggered by Tamerlane’s victory in 1402 [PDF p. 360].",[360],[],[],no additional material issue identified in supplied-text review,"Citation-delimited segment, possibly multiple claims or a sentence fragment. Not an atomic claim or accuracy denominator."
qwen35-off-mtp,H4-summary,H4-summary-U005,"Manuel secured temporary territorial gains by selling his support to Turkish pretenders, yet the author notes that Europe missed a rare opportunity to expel the Ottomans due to Hungarian conflicts with the Hussites and poor relations with Serbia [PDF p. 362].",[362],[],[],no additional material issue identified in supplied-text review,"Citation-delimited segment, possibly multiple claims or a sentence fragment. Not an atomic claim or accuracy denominator."
qwen35-off-mtp,H4-summary,H4-summary-U006,"When Murad II unified the Ottoman realm, he reclaimed the territories Manuel had gained, forcing the Byzantines back into vassalage [PDF p. 363].",[363],"[""H4-unifier-identity""]",[],issue recorded,"Citation-delimited segment, possibly multiple claims or a sentence fragment. Not an atomic claim or accuracy denominator."
qwen35-off-mtp,H4-summary,H4-summary-U007,"The author describes the subsequent decades as a period of unredeemed gloom, characterized by the physical decay of Constantinople and its economic dependence on Italian merchants [PDF p. 365].",[365],"[""H4-urban-citation""]",[],issue recorded,"Citation-delimited segment, possibly multiple claims or a sentence fragment. Not an atomic claim or accuracy denominator."
qwen35-off-mtp,H4-summary,H4-summary-U008,John VI. maintained peace but lost Thessalonica to the Ottomans after his brother sold it to Venice [PDF p. 367].,[367],[],[],no additional material issue identified in supplied-text review,"Citation-delimited segment, possibly multiple claims or a sentence fragment. Not an atomic claim or accuracy denominator."
qwen35-off-mtp,H4-summary,H4-summary-U009,"Finally, John VIII. traveled to Italy to secure aid through religious union with Rome, but the author evaluates this effort as futile because the papacy was too weakened by internal schisms to provide meaningful military support [PDF p. 367].",[367],"[""H4-unsupplied-imperial-number""]",[],issue recorded,"Citation-delimited segment, possibly multiple claims or a sentence fragment. Not an atomic claim or accuracy denominator."
qwen35-off-mtp,merged-summary-synthesis,merged-summary-synthesis-U001,The author argues that Constantine’s strategic foresight in establishing Constantinople proved vital as the Huns displaced the Goths [PDF p. 61].,[61],[],[],no additional material issue identified in supplied-text review,"Citation-delimited segment, possibly multiple claims or a sentence fragment. Not an atomic claim or accuracy denominator."
qwen35-off-mtp,merged-summary-synthesis,merged-summary-synthesis-U002,"After crushing the Ostrogoths, the Huns forced the Visigoths to seek refuge across the Danube in 376 [PDF p. 62].",[62],[],[],no additional material issue identified in supplied-text review,"Citation-delimited segment, possibly multiple claims or a sentence fragment. Not an atomic claim or accuracy denominator."
qwen35-off-mtp,merged-summary-synthesis,merged-summary-synthesis-U003,"The Eastern Emperor Valens, described by the author as stupid and cowardly, permitted their entry under strict conditions [PDF p. 63].",[63],[],"[""H1-character-locator""]",precision note,"Citation-delimited segment, possibly multiple claims or a sentence fragment. Not an atomic claim or accuracy denominator."
qwen35-off-mtp,merged-summary-synthesis,merged-summary-synthesis-U004,"However, Roman officials, particularly Governor Lupicinus, engaged in extortion and withheld food supplies, driving the starving Goths to desperation [PDF p. 64].",[64],[],"[""H1-food-locator""]",precision note,"Citation-delimited segment, possibly multiple claims or a sentence fragment. Not an atomic claim or accuracy denominator."
qwen35-off-mtp,merged-summary-synthesis,merged-summary-synthesis-U005,"A banquet incident at Marcianopolis triggered open rebellion, leading to a year of fierce fighting along the Balkans [PDF p. 64].",[64],[],[],no additional material issue identified in supplied-text review,"Citation-delimited segment, possibly multiple claims or a sentence fragment. Not an atomic claim or accuracy denominator."
qwen35-off-mtp,merged-summary-synthesis,merged-summary-synthesis-U006,"The author notes that while the Goths had adopted some civilization, their barbarian spirit remained potent [PDF p. 64].",[64],[],[],no additional material issue identified in supplied-text review,"Citation-delimited segment, possibly multiple claims or a sentence fragment. Not an atomic claim or accuracy denominator."
qwen35-off-mtp,merged-summary-synthesis,merged-summary-synthesis-U007,"In 378, Emperor Valens launched a major offensive against the Gothic forces near Adrianople [PDF p. 65].",[65],[],[],no additional material issue identified in supplied-text review,"Citation-delimited segment, possibly multiple claims or a sentence fragment. Not an atomic claim or accuracy denominator."
qwen35-off-mtp,merged-summary-synthesis,merged-summary-synthesis-U008,"The author highlights a critical shift in military tactics, noting that the Goths had adopted cavalry warfare, which contrasted sharply with traditional Roman infantry dominance [PDF p. 65].",[65],[],[],no additional material issue identified in supplied-text review,"Citation-delimited segment, possibly multiple claims or a sentence fragment. Not an atomic claim or accuracy denominator."
qwen35-off-mtp,merged-summary-synthesis,merged-summary-synthesis-U009,"During the battle, Gothic cavalry arrived unexpectedly and routed the Roman flanks [PDF p. 66].",[66],[],[],no additional material issue identified in supplied-text review,"Citation-delimited segment, possibly multiple claims or a sentence fragment. Not an atomic claim or accuracy denominator."
qwen35-off-mtp,merged-summary-synthesis,merged-summary-synthesis-U010,"The resulting crush of infantry led to a catastrophic defeat, killing forty thousand soldiers and the Emperor himself [PDF p. 67].",[67],[],[],no additional material issue identified in supplied-text review,"Citation-delimited segment, possibly multiple claims or a sentence fragment. Not an atomic claim or accuracy denominator."
qwen35-off-mtp,merged-summary-synthesis,merged-summary-synthesis-U011,"The author characterizes this as the most fearful defeat since Cannae, effectively destroying the Eastern Roman army [PDF p. 67].",[67],[],[],no additional material issue identified in supplied-text review,"Citation-delimited segment, possibly multiple claims or a sentence fragment. Not an atomic claim or accuracy denominator."
qwen35-off-mtp,merged-summary-synthesis,merged-summary-synthesis-U012,"Although the Goths advanced toward Constantinople, they abandoned the siege due to the city’s formidable walls [PDF p. 67].",[67],[],[],no additional material issue identified in supplied-text review,"Citation-delimited segment, possibly multiple claims or a sentence fragment. Not an atomic claim or accuracy denominator."
qwen35-off-mtp,merged-summary-synthesis,merged-summary-synthesis-U013,The author concludes that this event validated Constantine’s earlier prescience regarding the capital’s defensive importance [PDF p. 67].,[67],[],[],no additional material issue identified in supplied-text review,"Citation-delimited segment, possibly multiple claims or a sentence fragment. Not an atomic claim or accuracy denominator."
qwen35-off-mtp,merged-summary-synthesis,merged-summary-synthesis-U014,The author argues that Latin decayed in the East due to practical separation from the West and barbarian devastation [PDF p. 170].,[170],[],[],no additional material issue identified in supplied-text review,"Citation-delimited segment, possibly multiple claims or a sentence fragment. Not an atomic claim or accuracy denominator."
qwen35-off-mtp,merged-summary-synthesis,merged-summary-synthesis-U015,"By the seventh century, Latin knowledge was rare, with Justinian being the last emperor to speak it natively [PDF p. 169].",[169],[],[],no additional material issue identified in supplied-text review,"Citation-delimited segment, possibly multiple claims or a sentence fragment. Not an atomic claim or accuracy denominator."
qwen35-off-mtp,merged-summary-synthesis,merged-summary-synthesis-U016,The author attributes this linguistic shift to the division of the empire and the extermination of Latin-speaking populations by Slavs [PDF p. 170].,[170],"[""H2-Latin-extinction""]",[],issue recorded,"Citation-delimited segment, possibly multiple claims or a sentence fragment. Not an atomic claim or accuracy denominator."
qwen35-off-mtp,merged-summary-synthesis,merged-summary-synthesis-U017,"Simultaneously, the empire became increasingly Christian [PDF p. 171].",[171],[],[],no additional material issue identified in supplied-text review,"Citation-delimited segment, possibly multiple claims or a sentence fragment. Not an atomic claim or accuracy denominator."
qwen35-off-mtp,merged-summary-synthesis,merged-summary-synthesis-U018,"The author notes that Christian influence on state machinery began slowly, accelerating under Theodosius I [PDF p. 171].",[171],[],[],no additional material issue identified in supplied-text review,"Citation-delimited segment, possibly multiple claims or a sentence fragment. Not an atomic claim or accuracy denominator."
qwen35-off-mtp,merged-summary-synthesis,merged-summary-synthesis-U019,"The author highlights that gladiatorial games ended after a monk’s death, not state decree [PDF p. 171].",[171],[],[],no additional material issue identified in supplied-text review,"Citation-delimited segment, possibly multiple claims or a sentence fragment. Not an atomic claim or accuracy denominator."
qwen35-off-mtp,merged-summary-synthesis,merged-summary-synthesis-U020,Christianity also abolished infanticide and modified slavery by emphasizing the soul’s equality [PDF p. 173].,[173],[],[],no additional material issue identified in supplied-text review,"Citation-delimited segment, possibly multiple claims or a sentence fragment. Not an atomic claim or accuracy denominator."
qwen35-off-mtp,merged-summary-synthesis,merged-summary-synthesis-U021,The author credits these social improvements to the Christian belief in individual worth [PDF p. 174].,[174],[],[],no additional material issue identified in supplied-text review,"Citation-delimited segment, possibly multiple claims or a sentence fragment. Not an atomic claim or accuracy denominator."
qwen35-off-mtp,merged-summary-synthesis,merged-summary-synthesis-U022,"However, the author explicitly evaluates the rise of monasticism as dangerous [PDF p. 174].",[174],[],[],no additional material issue identified in supplied-text review,"Citation-delimited segment, possibly multiple claims or a sentence fragment. Not an atomic claim or accuracy denominator."
qwen35-off-mtp,merged-summary-synthesis,merged-summary-synthesis-U023,"The author claims monks neglected civic duties, harming the state during barbarian invasions [PDF p. 175].",[175],[],[],no additional material issue identified in supplied-text review,"Citation-delimited segment, possibly multiple claims or a sentence fragment. Not an atomic claim or accuracy denominator."
qwen35-off-mtp,merged-summary-synthesis,merged-summary-synthesis-U024,The author describes this apathy as maddening to pagans [PDF p. 176].,[176],[],[],no additional material issue identified in supplied-text review,"Citation-delimited segment, possibly multiple claims or a sentence fragment. Not an atomic claim or accuracy denominator."
qwen35-off-mtp,merged-summary-synthesis,merged-summary-synthesis-U025,The author concludes that governing classes preserved Roman traditions despite this religious shift [PDF p. 176].,[176],[],[],no additional material issue identified in supplied-text review,"Citation-delimited segment, possibly multiple claims or a sentence fragment. Not an atomic claim or accuracy denominator."
qwen35-off-mtp,merged-summary-synthesis,merged-summary-synthesis-U026,"The author observes that paganism vanished, though indifference persisted among educated Christians [PDF p. 176].",[176],"[""H2-paganism-extinction""]",[],issue recorded,"Citation-delimited segment, possibly multiple claims or a sentence fragment. Not an atomic claim or accuracy denominator."
qwen35-off-mtp,merged-summary-synthesis,merged-summary-synthesis-U027,"The author suggests that while Christianity improved social conditions, its ascetic elements posed significant political risks to the empire’s stability [PDF p. 174].",[174],[],[],no additional material issue identified in supplied-text review,"Citation-delimited segment, possibly multiple claims or a sentence fragment. Not an atomic claim or accuracy denominator."
qwen35-off-mtp,merged-summary-synthesis,merged-summary-synthesis-U028,"The author characterizes the eighty years following Basil the Macedonian’s death as the most monotonous period in imperial history, dominated by the literary reigns of Leo VI and Constantine VII [PDF p. 241].",[241],[],[],no additional material issue identified in supplied-text review,"Citation-delimited segment, possibly multiple claims or a sentence fragment. Not an atomic claim or accuracy denominator."
qwen35-off-mtp,merged-summary-synthesis,merged-summary-synthesis-U029,"While these emperors were mild men of letters rather than military conquerors, the era experienced relative peace, with external threats limited to vexatious but non-dangerous piratical raids [PDF p. 242].",[242],[],[],no additional material issue identified in supplied-text review,"Citation-delimited segment, possibly multiple claims or a sentence fragment. Not an atomic claim or accuracy denominator."
qwen35-off-mtp,merged-summary-synthesis,merged-summary-synthesis-U030,"The author notes that the capture of Thessalonica by Saracens in 904 was a disgraceful administrative failure, though it occurred by surprise [PDF p. 242].",[242],[],[],no additional material issue identified in supplied-text review,"Citation-delimited segment, possibly multiple claims or a sentence fragment. Not an atomic claim or accuracy denominator."
qwen35-off-mtp,merged-summary-synthesis,merged-summary-synthesis-U031,"Constantine VII’s path to power was obstructed by regents, including his uncle Alexander and the ambitious admiral Romanus Lecapenus, until popular wrath removed the Lecapenus family, allowing Constantine to rule for twenty years [PDF p. 243].",[243],[],"[""H3-succession-agency""]",precision note,"Citation-delimited segment, possibly multiple claims or a sentence fragment. Not an atomic claim or accuracy denominator."
qwen35-off-mtp,merged-summary-synthesis,merged-summary-synthesis-U032,"The author evaluates their chief achievements as literary rather than political, highlighting Leo’s military manual as a valuable record of Byzantine organization and tactics [PDF p. 244].",[244],[],[],no additional material issue identified in supplied-text review,"Citation-delimited segment, possibly multiple claims or a sentence fragment. Not an atomic claim or accuracy denominator."
qwen35-off-mtp,merged-summary-synthesis,merged-summary-synthesis-U033,"This work reveals a highly disciplined army with specialized units and medical support, reflecting confidence in the empire’s defensive capabilities [PDF p. 245].",[245],[],[],no additional material issue identified in supplied-text review,"Citation-delimited segment, possibly multiple claims or a sentence fragment. Not an atomic claim or accuracy denominator."
qwen35-off-mtp,merged-summary-synthesis,merged-summary-synthesis-U034,"Constantine’s writings, particularly on court ceremonies, demonstrate his methodical nature and compensation for his lack of real power during his youth [PDF p. 247].",[247],[],[],no additional material issue identified in supplied-text review,"Citation-delimited segment, possibly multiple claims or a sentence fragment. Not an atomic claim or accuracy denominator."
qwen35-off-mtp,merged-summary-synthesis,merged-summary-synthesis-U035,"The author concludes that the literary output of these emperors signals the end of the intellectual dearth that had plagued Byzantium since the seventh century, marking a significant cultural revival [PDF p. 247].",[247],[],[],no additional material issue identified in supplied-text review,"Citation-delimited segment, possibly multiple claims or a sentence fragment. Not an atomic claim or accuracy denominator."
qwen35-off-mtp,merged-summary-synthesis,merged-summary-synthesis-U036,"The author argues that the Byzantine Empire ceased to be a vital bulwark for Christendom after 1370, asserting that its prolonged existence resulted from the Paleologi’s subservience to the Turks [PDF p. 358].",[358],[],[],no additional material issue identified in supplied-text review,"Citation-delimited segment, possibly multiple claims or a sentence fragment. Not an atomic claim or accuracy denominator."
qwen35-off-mtp,merged-summary-synthesis,merged-summary-synthesis-U037,"The text suggests that an earlier fall of Constantinople would have only marginally altered European history, potentially affecting Italian commerce and the timing of the Renaissance [PDF p. 359].",[359],[],[],no additional material issue identified in supplied-text review,"Citation-delimited segment, possibly multiple claims or a sentence fragment. Not an atomic claim or accuracy denominator."
qwen35-off-mtp,merged-summary-synthesis,merged-summary-synthesis-U038,"During the reign of John Paleologus, internal strife weakened the state, as his son Andronicus rebelled and was subsequently blinded [PDF p. 359].",[359],[],[],no additional material issue identified in supplied-text review,"Citation-delimited segment, possibly multiple claims or a sentence fragment. Not an atomic claim or accuracy denominator."
qwen35-off-mtp,merged-summary-synthesis,merged-summary-synthesis-U039,"John’s successor, Manuel II, lacked the resources for rebellion but capitalized on the Ottoman civil war triggered by Tamerlane’s victory in 1402 [PDF p. 360].",[360],[],[],no additional material issue identified in supplied-text review,"Citation-delimited segment, possibly multiple claims or a sentence fragment. Not an atomic claim or accuracy denominator."
qwen35-off-mtp,merged-summary-synthesis,merged-summary-synthesis-U040,"Manuel secured temporary territorial gains by selling his support to Turkish pretenders, yet the author notes that Europe missed a rare opportunity to expel the Ottomans due to Hungarian conflicts with the Hussites and poor relations with Serbia [PDF p. 362].",[362],[],[],no additional material issue identified in supplied-text review,"Citation-delimited segment, possibly multiple claims or a sentence fragment. Not an atomic claim or accuracy denominator."
qwen35-off-mtp,merged-summary-synthesis,merged-summary-synthesis-U041,"When Murad II unified the Ottoman realm, he reclaimed the territories Manuel had gained, forcing the Byzantines back into vassalage [PDF p. 363].",[363],"[""H4-unifier-identity""]",[],issue recorded,"Citation-delimited segment, possibly multiple claims or a sentence fragment. Not an atomic claim or accuracy denominator."
qwen35-off-mtp,merged-summary-synthesis,merged-summary-synthesis-U042,"The author describes the subsequent decades as a period of unredeemed gloom, characterized by the physical decay of Constantinople and its economic dependence on Italian merchants [PDF p. 365].",[365],"[""H4-urban-citation""]",[],issue recorded,"Citation-delimited segment, possibly multiple claims or a sentence fragment. Not an atomic claim or accuracy denominator."
qwen35-off-mtp,merged-summary-synthesis,merged-summary-synthesis-U043,John VI. maintained peace but lost Thessalonica to the Ottomans after his brother sold it to Venice [PDF p. 367].,[367],[],[],no additional material issue identified in supplied-text review,"Citation-delimited segment, possibly multiple claims or a sentence fragment. Not an atomic claim or accuracy denominator."
qwen35-off-mtp,merged-summary-synthesis,merged-summary-synthesis-U044,"Finally, John VIII. traveled to Italy to secure aid through religious union with Rome, but the author evaluates this effort as futile because the papacy was too weakened by internal schisms to provide meaningful military support [PDF p. 367].",[367],"[""H4-unsupplied-imperial-number""]",[],issue recorded,"Citation-delimited segment, possibly multiple claims or a sentence fragment. Not an atomic claim or accuracy denominator."
qwen35-off-mtp,full-source-control,full-source-control-U001,"The narrative begins with the Huns’ westward expansion around A.D. 372, which crushed the Ostrogoths and forced the Visigoths to seek refuge across the Danube (p. 61).",[61],[],[],no additional material issue identified in supplied-text review,"Citation-delimited segment, possibly multiple claims or a sentence fragment. Not an atomic claim or accuracy denominator."
qwen35-off-mtp,full-source-control,full-source-control-U002,"Emperor Valens, described as cowardly and avaricious, permitted their entry in 376 under the condition that they surrender their arms and provide hostages (p. 62).",[62],[],"[""H1-conditions-locator""]",precision note,"Citation-delimited segment, possibly multiple claims or a sentence fragment. Not an atomic claim or accuracy denominator."
qwen35-off-mtp,full-source-control,full-source-control-U003,"However, Roman officials, particularly the governor Lupicinus, accepted bribes to allow the Goths to keep their weapons and subsequently engaged in extortion, selling food at exorbitant prices that led to the sale of children for slaves (p. 63).",[63],[],[],no additional material issue identified in supplied-text review,"Citation-delimited segment, possibly multiple claims or a sentence fragment. Not an atomic claim or accuracy denominator."
qwen35-off-mtp,full-source-control,full-source-control-U004,"This exploitation culminated in a banquet at Marcianopolis where Lupicinus attempted to assassinate the Gothic leader Fritigern, prompting the Goths to revolt and initiate a year of desperate fighting along the Danube (p. 64).",[64],[],[],no additional material issue identified in supplied-text review,"Citation-delimited segment, possibly multiple claims or a sentence fragment. Not an atomic claim or accuracy denominator."
qwen35-off-mtp,full-source-control,full-source-control-U005,"The conflict escalated into the Battle of Adrianople in 378, where Emperor Valens led a large army against the Goths. The author notes that the Goths had adopted cavalry tactics influenced by their time in the Ukraine, which proved decisive against the Roman infantry (p. 65).",[65],[],[],no additional material issue identified in supplied-text review,"Citation-delimited segment, possibly multiple claims or a sentence fragment. Not an atomic claim or accuracy denominator."
qwen35-off-mtp,full-source-control,full-source-control-U006,"A sudden charge by Gothic cavalry overwhelmed the Roman flank, causing the imperial army to collapse into a confused mass where soldiers were trampled or cut down (p. 66).",[66],[],[],no additional material issue identified in supplied-text review,"Citation-delimited segment, possibly multiple claims or a sentence fragment. Not an atomic claim or accuracy denominator."
qwen35-off-mtp,full-source-control,full-source-control-U007,"The defeat was catastrophic, resulting in the death of Valens and the annihilation of the Eastern army, a disaster compared to Cannae by the historian Ammianus Marcellinus (p. 67).",[67],[],[],no additional material issue identified in supplied-text review,"Citation-delimited segment, possibly multiple claims or a sentence fragment. Not an atomic claim or accuracy denominator."
qwen35-off-mtp,full-source-control,full-source-control-U008,"Although the Goths approached Constantinople, they abandoned the siege due to the city’s formidable walls, validating Constantine’s earlier strategic foresight regarding the capital’s defenses (p. 67).",[67],[],[],no additional material issue identified in supplied-text review,"Citation-delimited segment, possibly multiple claims or a sentence fragment. Not an atomic claim or accuracy denominator."
qwen35-off-mtp,full-source-control,full-source-control-U009,"In the subsequent centuries, the Latin-speaking population in the Balkans rapidly declined due to barbarian invasions and the dominance of Greek culture, with Latin becoming rare among educated elites by the sixth century (p. 169).",[169],[],"[""H2-causes-locator""]",precision note,"Citation-delimited segment, possibly multiple claims or a sentence fragment. Not an atomic claim or accuracy denominator."
qwen35-off-mtp,full-source-control,full-source-control-U010,"Concurrently, Christianity transformed social structures by abolishing infanticide, modifying slavery through the recognition of the slave’s soul, and ending gladiatorial games (p. 173).",[173],[],"[""H2-games-locator""]",precision note,"Citation-delimited segment, possibly multiple claims or a sentence fragment. Not an atomic claim or accuracy denominator."
qwen35-off-mtp,full-source-control,full-source-control-U011,"However, the rise of ascetic monasticism drew thousands away from civic duties, creating an apathetic attitude toward state defense that some pagans blamed for the empire’s decline (p. 174).",[174],[],"[""H2-pagan-critique-locator""]",precision note,"Citation-delimited segment, possibly multiple claims or a sentence fragment. Not an atomic claim or accuracy denominator."
qwen35-off-mtp,full-source-control,full-source-control-U012,"This religious shift coexisted with a literary revival under the Macedonian dynasty, where emperors Leo VI and Constantine VII produced significant works on military tactics and court ceremony, reflecting a period of relative internal stability despite external piratical threats (p. 241).",[241],"[""cross-gap-false-contemporaneity""]","[""H3-revival-composite-locator""]",issue recorded,"Citation-delimited segment, possibly multiple claims or a sentence fragment. Not an atomic claim or accuracy denominator."
qwen35-off-mtp,full-source-control,full-source-control-U013,"By the late fourteenth century, the Byzantine Empire had diminished to a rump state centered on Constantinople, relying on the political fragmentation of the Ottoman Turks for survival (p. 358).",[358],[],[],no additional material issue identified in supplied-text review,"Citation-delimited segment, possibly multiple claims or a sentence fragment. Not an atomic claim or accuracy denominator."
qwen35-off-mtp,full-source-control,full-source-control-U014,"Emperor Manuel II briefly expanded his territory during the Ottoman civil war following Tamerlane’s defeat of Bayezid I, but these gains were reversed when Murad II unified the Turkish realm (p. 360).",[360],"[""H4-unifier-identity""]",[],issue recorded,"Citation-delimited segment, possibly multiple claims or a sentence fragment. Not an atomic claim or accuracy denominator."
qwen35-off-mtp,full-source-control,full-source-control-U015,"The empire’s final decades were marked by economic exhaustion and military weakness, with Constantinople’s population reduced and its defenses maintained by a small number of mercenaries (p. 365).",[365],[],"[""H4-urban-composite-locator""]",precision note,"Citation-delimited segment, possibly multiple claims or a sentence fragment. Not an atomic claim or accuracy denominator."
qwen35-off-mtp,full-source-control,full-source-control-U016,"The last emperor, John VIII, sought Western aid by converting to Catholicism at the Council of Florence, but received only minimal support from a weakened papacy, leaving the empire vulnerable to the eventual Ottoman conquest (p. 366).",[366],"[""H4-last-emperor""]",[],issue recorded,"Citation-delimited segment, possibly multiple claims or a sentence fragment. Not an atomic claim or accuracy denominator."
gptoss120-medium,H1-summary,H1-summary-U001,The author opens by declaring that Constantine’s decision to build a “great fortress‑capital” on the Balkan Peninsula proved “prescient” when the Huns entered Europe (author’s evaluation) [PDF p. 61].,[61],[],[],no additional material issue identified in supplied-text review,"Citation-delimited segment, possibly multiple claims or a sentence fragment. Not an atomic claim or accuracy denominator."
gptoss120-medium,H1-summary,H1-summary-U002,"Around A.D. 372 the Huns, described by a Gothic historian as “men with faces that can hardly be called faces…little in stature, but lithe and active, skilful in riding” [PDF p. 61],",[61],[],[],no additional material issue identified in supplied-text review,"Citation-delimited segment, possibly multiple claims or a sentence fragment. Not an atomic claim or accuracy denominator."
gptoss120-medium,H1-summary,H1-summary-U003,"first devastated the Alans, then crushed the Ostrogoths, forcing the survivors toward the Danube delta; they then overran the Visigoths, who fled with families to the riverbank and begged the emperor to let them cross [PDF p. 61‑62].","[61, 62]",[],[],no additional material issue identified in supplied-text review,"Citation-delimited segment, possibly multiple claims or a sentence fragment. Not an atomic claim or accuracy denominator."
gptoss120-medium,H1-summary,H1-summary-U004,"In A.D. 376 the empire was split, Valens—whom the author labels “stupid, cowardly, and avaricious” [PDF p. 62]",[62],[],[],no additional material issue identified in supplied-text review,"Citation-delimited segment, possibly multiple claims or a sentence fragment. Not an atomic claim or accuracy denominator."
gptoss120-medium,H1-summary,H1-summary-U005,"—was petitioned by the Goths. Valens allowed their crossing on the condition they surrender arms and give hostages; after they entered Moesia the governor Lupicinus hoarded food and sold it at “exorbitant prices,” driving the Goths to desperation and prompting a violent clash at Marcianopolis [PDF p. 63‑64].","[63, 64]",[],[],no additional material issue identified in supplied-text review,"Citation-delimited segment, possibly multiple claims or a sentence fragment. Not an atomic claim or accuracy denominator."
gptoss120-medium,H1-summary,H1-summary-U006,"A year of fighting culminated in the Battle of Adrianople (378 A.D.), where Gothic cavalry broke Roman lines, killing the emperor and most commanders; the loss was compared to Cannae by Ammianus Marcellinus [PDF p. 66‑67].","[66, 67]",[],[],no additional material issue identified in supplied-text review,"Citation-delimited segment, possibly multiple claims or a sentence fragment. Not an atomic claim or accuracy denominator."
gptoss120-medium,H1-summary,H1-summary-U007,"The victorious Goths briefly threatened Constantinople, but, “their courage failed them” when they saw the city’s walls and withdrew to Thrace [PDF p. 67].",[67],[],[],no additional material issue identified in supplied-text review,"Citation-delimited segment, possibly multiple claims or a sentence fragment. Not an atomic claim or accuracy denominator."
gptoss120-medium,H2-summary,H2-summary-U001,"The author begins by noting that the decay of Latin was already evident in the eastern Mediterranean: Ammianus Marcellinus, although born in Greece, wrote in the language of the ruling race, and a large Latin‑speaking population existed on the Balkan peninsula and along the Thracian coast, “except Greece proper, Macedonia, and a scattered line of cities” [PDF p. 169].",[169],[],[],no additional material issue identified in supplied-text review,"Citation-delimited segment, possibly multiple claims or a sentence fragment. Not an atomic claim or accuracy denominator."
gptoss120-medium,H2-summary,H2-summary-U002,"By the seventh century this Roman element was rapidly vanishing; already in the sixth century a knowledge of Latin was unusual even among educated men, as shown by Johannes Lydus’s claim that his civil‑service advancement depended on this rare skill and by Procopius’s ignorance of basic Latin [PDF p. 169].",[169],[],[],no additional material issue identified in supplied-text review,"Citation-delimited segment, possibly multiple claims or a sentence fragment. Not an atomic claim or accuracy denominator."
gptoss120-medium,H2-summary,H2-summary-U003,"The author evaluates Justinian as the last emperor whose mother tongue was Latin, while his successors were better skilled in Greek [PDF p. 169].",[169],[],[],no additional material issue identified in supplied-text review,"Citation-delimited segment, possibly multiple claims or a sentence fragment. Not an atomic claim or accuracy denominator."
gptoss120-medium,H2-summary,H2-summary-U004,"The gradual disuse of Latin, the author explains, resulted from the practical solution of continuity between Rome and the East after the empire’s division and Odoacer’s coronation in 476, which cut the Eastern provinces off from the Latin‑speaking West and exposed them to Greek dominance [PDF p. 170].",[170],[],[],no additional material issue identified in supplied-text review,"Citation-delimited segment, possibly multiple claims or a sentence fragment. Not an atomic claim or accuracy denominator."
gptoss120-medium,H2-summary,H2-summary-U005,"Gothic and later Slavic invasions further reduced the Latin‑speaking populace from about a quarter of the provincials east of the Adriatic in 400 to less than a tenth by 620, leaving only Dalmatian ports, Africa and the Italian Exarchate as notable Latin enclaves; the last native‑Latin author was the African poet Flavius Corippus [PDF p. 170].",[170],[],[],no additional material issue identified in supplied-text review,"Citation-delimited segment, possibly multiple claims or a sentence fragment. Not an atomic claim or accuracy denominator."
gptoss120-medium,H2-summary,H2-summary-U006,"Turning to religion, the author reports that under Constantine the governmental machinery remained essentially pagan, with many high officials still pagans, and that the Christian spirit did not fully penetrate the material sphere until forty years after Constantine’s death [PDF p. 171].",[171],[],[],no additional material issue identified in supplied-text review,"Citation-delimited segment, possibly multiple claims or a sentence fragment. Not an atomic claim or accuracy denominator."
gptoss120-medium,H2-summary,H2-summary-U007,"Theodosius I’s moral crusade, including the spectacular death of the monk Telemachus in 404, ended gladiatorial games in Constantinople [PDF p. 171].",[171],"[""H2-gladiator-agency"", ""H2-gladiator-location""]",[],issue recorded,"Citation-delimited segment, possibly multiple claims or a sentence fragment. Not an atomic claim or accuracy denominator."
gptoss120-medium,H2-summary,H2-summary-U008,"Christian influence also abolished infanticide (Constantine’s state responsibility, Valentinian I’s capital punishment) and profoundly altered slavery: the Church taught slaves were souls equal to masters, and Justinian’s legislation permitted intermarriage, declared children of mixed unions free, and punished the prostitution of slaves [PDF p. 173‑174].","[173, 174]",[],[],no additional material issue identified in supplied-text review,"Citation-delimited segment, possibly multiple claims or a sentence fragment. Not an atomic claim or accuracy denominator."
gptoss120-medium,H2-summary,H2-summary-U009,"The author judges these reforms as stemming from the Christian belief in the individual soul, yet warns that ascetic monasticism became “positively dangerous” because thousands of men withdrew from civic duties, weakening the empire’s ability to resist barbarian invasions; only Cassiodorus later gave monks a productive role by ordering manuscript copying [PDF p. 174‑175].","[174, 175]",[],[],no additional material issue identified in supplied-text review,"Citation-delimited segment, possibly multiple claims or a sentence fragment. Not an atomic claim or accuracy denominator."
gptoss120-medium,H2-summary,H2-summary-U010,"In the concluding part the author notes that paganism had practically disappeared by the end of the fifth century, that Justinian closed the Athenian schools in 529, and that many sixth‑century elites were nominal Christians who remained indifferent to the faith, citing Procopius as an example [PDF p. 176].",[176],[],[],no additional material issue identified in supplied-text review,"Citation-delimited segment, possibly multiple claims or a sentence fragment. Not an atomic claim or accuracy denominator."
gptoss120-medium,H3-summary,H3-summary-U001,"The author claims that the eighty years after Basil the Macedonian’s death were uneventful in imperial history, dominated by the reigns of Leo VI the Wise and his grandson Constantine VII, whom he describes as “mild, strange issue” devoted to literature rather than warfare [PDF p. 241].",[241],"[""H3-dynastic-relationship""]","[""H3-quotation-splice""]",issue recorded,"Citation-delimited segment, possibly multiple claims or a sentence fragment. Not an atomic claim or accuracy denominator."
gptoss120-medium,H3-summary,H3-summary-U002,"He argues that, although the period offered military opportunities, the emperors stayed “quiet, unenterprising” in the palace and seldom took the field [PDF p. 242].",[242],[],[],no additional material issue identified in supplied-text review,"Citation-delimited segment, possibly multiple claims or a sentence fragment. Not an atomic claim or accuracy denominator."
gptoss120-medium,H3-summary,H3-summary-U003,Leo’s twenty‑six‑year rule was marked only by a failed Bulgarian invasion and a Saracen raid that briefly captured Thessalonica in 904; the author notes the city fell by surprise and was retaken when the attack was delayed a few weeks [PDF p. 242].,[242],"[""H3-counterfactual-rescue""]",[],issue recorded,"Citation-delimited segment, possibly multiple claims or a sentence fragment. Not an atomic claim or accuracy denominator."
gptoss120-medium,H3-summary,H3-summary-U004,"After Leo, Constantine VII inherited the throne at seven and spent his minority under guardians, first his uncle Alexander and then the usurper Romanus Lecapenus, who kept him “in the background” [PDF p. 243].",[243],[],[],no additional material issue identified in supplied-text review,"Citation-delimited segment, possibly multiple claims or a sentence fragment. Not an atomic claim or accuracy denominator."
gptoss120-medium,H3-summary,H3-summary-U005,"When Romanus’ sons attempted to seize the throne, popular revolt restored Constantine, who ruled for twenty years and was described as “somewhat weak and ineffective,” yet not tyrannical [PDF p. 243‑244].","[243, 244]",[],[],no additional material issue identified in supplied-text review,"Citation-delimited segment, possibly multiple claims or a sentence fragment. Not an atomic claim or accuracy denominator."
gptoss120-medium,H3-summary,H3-summary-U006,"The author praises Leo’s literary output, especially his military manual describing themes, cavalry and fleet, and notes Constantine’s treatises on the themes, imperial administration and court ceremonies, calling him a compiler rather than an original thinker [PDF p. 244‑247].","[244, 247]",[],[],no additional material issue identified in supplied-text review,"Citation-delimited segment, possibly multiple claims or a sentence fragment. Not an atomic claim or accuracy denominator."
gptoss120-medium,H3-summary,H3-summary-U007,"Finally, the author concludes that the successive literary emperors signal the end of the “intellectual dearth” that plagued Byzantine culture from the sixth to eighth centuries, marking a renewal of literary activity by the ninth century [PDF p. 247].",[247],[],[],no additional material issue identified in supplied-text review,"Citation-delimited segment, possibly multiple claims or a sentence fragment. Not an atomic claim or accuracy denominator."
gptoss120-medium,H4-summary,H4-summary-U001,The author states that the last seventy‑five years of the Byzantine Empire (1370‑1453),"[1370, 1453]",[],[],no additional material issue identified in supplied-text review,"Citation-delimited segment, possibly multiple claims or a sentence fragment. Not an atomic claim or accuracy denominator."
gptoss120-medium,H4-summary,H4-summary-U002,are a piece of local history and no longer form an important thread in the history of Christendom [PDF p. 358].,[358],[],[],no additional material issue identified in supplied-text review,"Citation-delimited segment, possibly multiple claims or a sentence fragment. Not an atomic claim or accuracy denominator."
gptoss120-medium,H4-summary,H4-summary-U003,He evaluates that a Turkish capture of Constantinople in 1370 would not have greatly altered Eastern‑European events because the empire had already ceased to serve as the “bulwark of Christendom” and that duty fell to the Serbians and Hungarians for the next one‑hundred‑and‑fifty years [PDF p. 358].,[358],[],[],no additional material issue identified in supplied-text review,"Citation-delimited segment, possibly multiple claims or a sentence fragment. Not an atomic claim or accuracy denominator."
gptoss120-medium,H4-summary,H4-summary-U004,"The author further judges that the Paleologi, by their subservience to the Turks, extended the empire’s life after its justification had disappeared [PDF p. 358].",[358],[],[],no additional material issue identified in supplied-text review,"Citation-delimited segment, possibly multiple claims or a sentence fragment. Not an atomic claim or accuracy denominator."
gptoss120-medium,H4-summary,H4-summary-U005,"John Paleologus’s long reign is described as troubled by his son Andronicus, who rebelled twice, briefly seized the throne, allied with a son of Murad I, and was eventually blinded in an ineffectual operation, after which he rebelled again [PDF p. 359].",[359],[],"[""H4-rebellion-order-ambiguity""]",precision note,"Citation-delimited segment, possibly multiple claims or a sentence fragment. Not an atomic claim or accuracy denominator."
gptoss120-medium,H4-summary,H4-summary-U006,"On John’s death in 1391 the throne passed to his second son Manuel II, whose limited resources left him unable to challenge Ottoman power except during the crisis of 1402 when Timur’s invasion defeated Sultan Bayezid and threw the Ottoman realm into civil war [PDF p. 360‑361].","[360, 361]",[],"[""H4-succession-date-locator""]",precision note,"Citation-delimited segment, possibly multiple claims or a sentence fragment. Not an atomic claim or accuracy denominator."
gptoss120-medium,H4-summary,H4-summary-U007,"Manuel sold aid to the pretender Suleiman for a heavy price and, while the Ottoman princes fought each other, temporarily regained territories in the Straits, Thessalonica, the Strymon valley and Black‑Sea ports [PDF p. 362‑363].","[362, 363]",[],[],no additional material issue identified in supplied-text review,"Citation-delimited segment, possibly multiple claims or a sentence fragment. Not an atomic claim or accuracy denominator."
gptoss120-medium,H4-summary,H4-summary-U008,"After Mohammed unified the Ottoman remnants in 1421, Manuel’s gains vanished and he died in 1425, the last emperor to receive a “transient smile from fortune” [PDF p. 364‑365].","[364, 365]",[],"[""H4-reunification-locator""]",precision note,"Citation-delimited segment, possibly multiple claims or a sentence fragment. Not an atomic claim or accuracy denominator."
gptoss120-medium,H4-summary,H4-summary-U009,"John VI inherited the throne, avoided conflict, and recognised that the empire required a bailiff rather than a statesman; he sought Western aid by converting to Roman Catholicism, traveling to Italy in 1438, attending the Councils of Ferrara and Florence, and being received into the Roman Church in 1439, but obtained only money and three hundred mercenaries from Pope Eugenius IV, a result the author presents as a poor return for such efforts [PDF p. 366‑367].","[366, 367]",[],"[""H4-bailiff-attribution-locator""]",precision note,"Citation-delimited segment, possibly multiple claims or a sentence fragment. Not an atomic claim or accuracy denominator."
gptoss120-medium,merged-summary-synthesis,merged-summary-synthesis-U001,The author opens by declaring that Constantine’s decision to build a “great fortress‑capital” on the Balkan Peninsula proved “prescient” when the Huns entered Europe (author’s evaluation) [PDF p. 61].,[61],[],[],no additional material issue identified in supplied-text review,"Citation-delimited segment, possibly multiple claims or a sentence fragment. Not an atomic claim or accuracy denominator."
gptoss120-medium,merged-summary-synthesis,merged-summary-synthesis-U002,"According to a Gothic historian, the Huns were “men with faces that can hardly be called faces…little in stature, but lithe and active, skilful in riding” [PDF p. 61];",[61],[],[],no additional material issue identified in supplied-text review,"Citation-delimited segment, possibly multiple claims or a sentence fragment. Not an atomic claim or accuracy denominator."
gptoss120-medium,merged-summary-synthesis,merged-summary-synthesis-U003,"they first devastated the Alans, then crushed the Ostrogoths, forcing the survivors toward the Danube delta, and finally overran the Visigoths, who fled with families to the riverbank and begged the emperor to let them cross [PDF p. 61‑62].","[61, 62]",[],[],no additional material issue identified in supplied-text review,"Citation-delimited segment, possibly multiple claims or a sentence fragment. Not an atomic claim or accuracy denominator."
gptoss120-medium,merged-summary-synthesis,merged-summary-synthesis-U004,"In A.D. 376 the empire was split, and Valens—whom the author labels “stupid, cowardly, and avaricious”—was petitioned by the Goths. Valens allowed their crossing on the condition that they surrender arms and give hostages; after they entered Moesia the governor Lupicinus hoarded food and sold it at “exorbitant prices,” driving the Goths to desperation and prompting a violent clash at Marcianopolis [PDF p. 63‑64].","[63, 64]",[],[],no additional material issue identified in supplied-text review,"Citation-delimited segment, possibly multiple claims or a sentence fragment. Not an atomic claim or accuracy denominator."
gptoss120-medium,merged-summary-synthesis,merged-summary-synthesis-U005,"A year of fighting culminated in the Battle of Adrianople (378 A.D.), where Gothic cavalry broke Roman lines, killing the emperor and most commanders; the loss was compared to Cannae by Ammianus Marcellinus [PDF p. 66‑67].","[66, 67]",[],[],no additional material issue identified in supplied-text review,"Citation-delimited segment, possibly multiple claims or a sentence fragment. Not an atomic claim or accuracy denominator."
gptoss120-medium,merged-summary-synthesis,merged-summary-synthesis-U006,"The victorious Goths briefly threatened Constantinople, but, “their courage failed them” when they saw the city’s walls and withdrew to Thrace [PDF p. 67].",[67],[],[],no additional material issue identified in supplied-text review,"Citation-delimited segment, possibly multiple claims or a sentence fragment. Not an atomic claim or accuracy denominator."
gptoss120-medium,merged-summary-synthesis,merged-summary-synthesis-U007,"In the next section the author notes that the decay of Latin was already evident in the eastern Mediterranean: Ammianus Marcellinus, although born in Greece, wrote in the language of the ruling race, and a large Latin‑speaking population existed on the Balkan peninsula and along the Thracian coast, “except Greece proper, Macedonia, and a scattered line of cities” [PDF p. 169].",[169],[],[],no additional material issue identified in supplied-text review,"Citation-delimited segment, possibly multiple claims or a sentence fragment. Not an atomic claim or accuracy denominator."
gptoss120-medium,merged-summary-synthesis,merged-summary-synthesis-U008,"By the seventh century this Roman element was rapidly vanishing; already in the sixth century a knowledge of Latin was unusual even among educated men, as shown by Johannes Lydus’s claim that his civil‑service advancement depended on this rare skill and by Procopius’s ignorance of basic Latin [PDF p. 169].",[169],[],[],no additional material issue identified in supplied-text review,"Citation-delimited segment, possibly multiple claims or a sentence fragment. Not an atomic claim or accuracy denominator."
gptoss120-medium,merged-summary-synthesis,merged-summary-synthesis-U009,"The author evaluates Justinian as the last emperor whose mother tongue was Latin, while his successors were better skilled in Greek [PDF p. 169].",[169],[],[],no additional material issue identified in supplied-text review,"Citation-delimited segment, possibly multiple claims or a sentence fragment. Not an atomic claim or accuracy denominator."
gptoss120-medium,merged-summary-synthesis,merged-summary-synthesis-U010,"The gradual disuse of Latin, the author explains, resulted from the practical solution of continuity between Rome and the East after the empire’s division and Odoacer’s coronation in 476, which cut the Eastern provinces off from the Latin‑speaking West and exposed them to Greek dominance [PDF p. 170];",[170],[],[],no additional material issue identified in supplied-text review,"Citation-delimited segment, possibly multiple claims or a sentence fragment. Not an atomic claim or accuracy denominator."
gptoss120-medium,merged-summary-synthesis,merged-summary-synthesis-U011,"Gothic and later Slavic invasions reduced the Latin‑speaking populace from about a quarter of the provincials east of the Adriatic in 400 to less than a tenth by 620, leaving only Dalmatian ports, Africa and the Italian Exarchate as notable Latin enclaves, and the last native‑Latin author was the African poet Flavius Corippus [PDF p. 170].",[170],[],[],no additional material issue identified in supplied-text review,"Citation-delimited segment, possibly multiple claims or a sentence fragment. Not an atomic claim or accuracy denominator."
gptoss120-medium,merged-summary-synthesis,merged-summary-synthesis-U012,"Turning to religion, the author reports that under Constantine the governmental machinery remained essentially pagan, with many high officials still pagans, and that the Christian spirit did not fully penetrate the material sphere until forty years after Constantine’s death [PDF p. 171].",[171],[],[],no additional material issue identified in supplied-text review,"Citation-delimited segment, possibly multiple claims or a sentence fragment. Not an atomic claim or accuracy denominator."
gptoss120-medium,merged-summary-synthesis,merged-summary-synthesis-U013,"Theodosius I’s moral crusade, including the spectacular death of the monk Telemachus in 404, ended gladiatorial games in Constantinople [PDF p. 171];",[171],"[""H2-gladiator-agency"", ""H2-gladiator-location""]",[],issue recorded,"Citation-delimited segment, possibly multiple claims or a sentence fragment. Not an atomic claim or accuracy denominator."
gptoss120-medium,merged-summary-synthesis,merged-summary-synthesis-U014,"Christian influence also abolished infanticide (Constantine’s state responsibility, Valentinian I’s capital punishment) and profoundly altered slavery: the Church taught slaves were souls equal to masters, and Justinian’s legislation permitted intermarriage, declared children of mixed unions free, and punished the prostitution of slaves [PDF p. 173‑174].","[173, 174]",[],[],no additional material issue identified in supplied-text review,"Citation-delimited segment, possibly multiple claims or a sentence fragment. Not an atomic claim or accuracy denominator."
gptoss120-medium,merged-summary-synthesis,merged-summary-synthesis-U015,"The author judges these reforms as stemming from the Christian belief in the individual soul, yet warns that ascetic monasticism became “positively dangerous” because thousands of men withdrew from civic duties, weakening the empire’s ability to resist barbarian invasions; only Cassiodorus later gave monks a productive role by ordering manuscript copying [PDF p. 174‑175].","[174, 175]",[],[],no additional material issue identified in supplied-text review,"Citation-delimited segment, possibly multiple claims or a sentence fragment. Not an atomic claim or accuracy denominator."
gptoss120-medium,merged-summary-synthesis,merged-summary-synthesis-U016,"He concludes that paganism had practically disappeared by the end of the fifth century, that Justinian closed the Athenian schools in 529, and that many sixth‑century elites were nominal Christians who remained indifferent to the faith, citing Procopius as an example [PDF p. 176].",[176],[],[],no additional material issue identified in supplied-text review,"Citation-delimited segment, possibly multiple claims or a sentence fragment. Not an atomic claim or accuracy denominator."
gptoss120-medium,merged-summary-synthesis,merged-summary-synthesis-U017,"The author claims that the eighty years after Basil the Macedonian’s death were uneventful in imperial history, dominated by the reigns of Leo VI the Wise and his grandson Constantine VII, whom he describes as “mild, strange issue” devoted to literature rather than warfare [PDF p. 241].",[241],"[""H3-dynastic-relationship""]","[""H3-quotation-splice""]",issue recorded,"Citation-delimited segment, possibly multiple claims or a sentence fragment. Not an atomic claim or accuracy denominator."
gptoss120-medium,merged-summary-synthesis,merged-summary-synthesis-U018,"He argues that, although the period offered military opportunities, the emperors stayed “quiet, unenterprising” in the palace and seldom took the field [PDF p. 242].",[242],[],[],no additional material issue identified in supplied-text review,"Citation-delimited segment, possibly multiple claims or a sentence fragment. Not an atomic claim or accuracy denominator."
gptoss120-medium,merged-summary-synthesis,merged-summary-synthesis-U019,Leo’s twenty‑six‑year rule was marked only by a failed Bulgarian invasion and a Saracen raid that briefly captured Thessalonica in 904; the author notes the city fell by surprise and was retaken when the attack was delayed a few weeks [PDF p. 242].,[242],"[""H3-counterfactual-rescue""]",[],issue recorded,"Citation-delimited segment, possibly multiple claims or a sentence fragment. Not an atomic claim or accuracy denominator."
gptoss120-medium,merged-summary-synthesis,merged-summary-synthesis-U020,"After Leo, Constantine VII inherited the throne at seven and spent his minority under guardians, first his uncle Alexander and then the usurper Romanus Lecapenus, who kept him “in the background” [PDF p. 243].",[243],[],[],no additional material issue identified in supplied-text review,"Citation-delimited segment, possibly multiple claims or a sentence fragment. Not an atomic claim or accuracy denominator."
gptoss120-medium,merged-summary-synthesis,merged-summary-synthesis-U021,"When Romanus’ sons attempted to seize the throne, popular revolt restored Constantine, who ruled for twenty years and was described as “somewhat weak and ineffective,” yet not tyrannical [PDF p. 243‑244].","[243, 244]",[],[],no additional material issue identified in supplied-text review,"Citation-delimited segment, possibly multiple claims or a sentence fragment. Not an atomic claim or accuracy denominator."
gptoss120-medium,merged-summary-synthesis,merged-summary-synthesis-U022,"The author praises Leo’s literary output, especially his military manual describing themes, cavalry and fleet, and notes Constantine’s treatises on the themes, imperial administration and court ceremonies, calling him a compiler rather than an original thinker [PDF p. 244‑247].","[244, 247]",[],[],no additional material issue identified in supplied-text review,"Citation-delimited segment, possibly multiple claims or a sentence fragment. Not an atomic claim or accuracy denominator."
gptoss120-medium,merged-summary-synthesis,merged-summary-synthesis-U023,"Finally, the author concludes that the successive literary emperors signal the end of the “intellectual dearth” that plagued Byzantine culture from the sixth to eighth centuries, marking a renewal of literary activity by the ninth century [PDF p. 247].",[247],[],[],no additional material issue identified in supplied-text review,"Citation-delimited segment, possibly multiple claims or a sentence fragment. Not an atomic claim or accuracy denominator."
gptoss120-medium,merged-summary-synthesis,merged-summary-synthesis-U024,In the final excerpt the author states that the last seventy‑five years of the Byzantine Empire (1370‑1453),"[1370, 1453]",[],[],no additional material issue identified in supplied-text review,"Citation-delimited segment, possibly multiple claims or a sentence fragment. Not an atomic claim or accuracy denominator."
gptoss120-medium,merged-summary-synthesis,merged-summary-synthesis-U025,are a piece of local history and no longer form an important thread in the history of Christendom [PDF p. 358].,[358],[],[],no additional material issue identified in supplied-text review,"Citation-delimited segment, possibly multiple claims or a sentence fragment. Not an atomic claim or accuracy denominator."
gptoss120-medium,merged-summary-synthesis,merged-summary-synthesis-U026,He evaluates that a Turkish capture of Constantinople in 1370 would not have greatly altered Eastern‑European events because the empire had already ceased to serve as the “bulwark of Christendom” and that duty fell to the Serbians and Hungarians for the next one‑hundred‑and‑fifty years [PDF p. 358];,[358],[],[],no additional material issue identified in supplied-text review,"Citation-delimited segment, possibly multiple claims or a sentence fragment. Not an atomic claim or accuracy denominator."
gptoss120-medium,merged-summary-synthesis,merged-summary-synthesis-U027,"the author further judges that the Paleologi, by their subservience to the Turks, extended the empire’s life after its justification had disappeared [PDF p. 358].",[358],[],[],no additional material issue identified in supplied-text review,"Citation-delimited segment, possibly multiple claims or a sentence fragment. Not an atomic claim or accuracy denominator."
gptoss120-medium,merged-summary-synthesis,merged-summary-synthesis-U028,"John Paleologus’s long reign is described as troubled by his son Andronicus, who rebelled twice, briefly seized the throne, allied with a son of Murad I, and was eventually blinded in an ineffectual operation, after which he rebeled again [PDF p. 359].",[359],[],"[""H4-rebellion-order-ambiguity""]",precision note,"Citation-delimited segment, possibly multiple claims or a sentence fragment. Not an atomic claim or accuracy denominator."
gptoss120-medium,merged-summary-synthesis,merged-summary-synthesis-U029,"On John’s death in 1391 the throne passed to his second son Manuel II, whose limited resources left him unable to challenge Ottoman power except during the crisis of 1402 when Timur’s invasion defeated Sultan Bayezid and threw the Ottoman realm into civil war [PDF p. 360‑361];","[360, 361]",[],"[""H4-succession-date-locator""]",precision note,"Citation-delimited segment, possibly multiple claims or a sentence fragment. Not an atomic claim or accuracy denominator."
gptoss120-medium,merged-summary-synthesis,merged-summary-synthesis-U030,"Manuel sold aid to the pretender Suleiman for a heavy price and, while the Ottoman princes fought each other, temporarily regained territories in the Straits, Thessalonica, the Strymon valley and Black‑Sea ports [PDF p. 362‑363].","[362, 363]",[],[],no additional material issue identified in supplied-text review,"Citation-delimited segment, possibly multiple claims or a sentence fragment. Not an atomic claim or accuracy denominator."
gptoss120-medium,merged-summary-synthesis,merged-summary-synthesis-U031,"After Mohammed unified the Ottoman remnants in 1421, Manuel’s gains vanished and he died in 1425, the last emperor to receive a “transient smile from fortune” [PDF p. 364‑365].","[364, 365]",[],"[""H4-reunification-locator""]",precision note,"Citation-delimited segment, possibly multiple claims or a sentence fragment. Not an atomic claim or accuracy denominator."
gptoss120-medium,merged-summary-synthesis,merged-summary-synthesis-U032,"John VI inherited the throne, avoided conflict, and recognised that the empire required a bailiff rather than a statesman; he sought Western aid by converting to Roman Catholicism, traveling to Italy in 1438, attending the Councils of Ferrara and Florence, and being received into the Roman Church in 1439, but obtained only money and three hundred mercenaries from Pope Eugenius IV, a result the author presents as a poor return for such efforts [PDF p. 366‑367].","[366, 367]",[],"[""H4-bailiff-attribution-locator""]",precision note,"Citation-delimited segment, possibly multiple claims or a sentence fragment. Not an atomic claim or accuracy denominator."
gptoss120-medium,full-source-control,full-source-control-U001,"**The first excerpt (PDF pp. 61‑66) describes how the Huns shattered the security of the Balkan Peninsula in the late fourth century.** Around A.D. 372 the “enormous Tartar horde…burst into the lands north of the Euxine,” first almost exterminating the Alans and then crushing the Ostrogoths, who were forced into vassalage (p. 61).",[61],[],[],no additional material issue identified in supplied-text review,"Citation-delimited segment, possibly multiple claims or a sentence fragment. Not an atomic claim or accuracy denominator."
gptoss120-medium,full-source-control,full-source-control-U002,"The Visigoths fled to the Danube, begged the emperor for passage, and were described by a contemporary writer as a “multitude…stretching out their hands with loud lamentations” (p. 62).",[62],[],[],no additional material issue identified in supplied-text review,"Citation-delimited segment, possibly multiple claims or a sentence fragment. Not an atomic claim or accuracy denominator."
gptoss120-medium,full-source-control,full-source-control-U003,"Emperor Valens, portrayed as “stupid, cowardly, and avaricious,” reluctantly allowed them to cross on the condition that they surrender weapons and give hostages (p. 63).",[63],[],"[""H1-control-character-locator""]",precision note,"Citation-delimited segment, possibly multiple claims or a sentence fragment. Not an atomic claim or accuracy denominator."
gptoss120-medium,full-source-control,full-source-control-U004,"Corruption by the governor Lupicinus, who hoarded grain and sold food at exorbitant prices, provoked famine, barter of slaves for bread, and finally a violent confrontation that sparked a year‑long war (p. 64).",[64],[],"[""H1-control-food-locator""]",precision note,"Citation-delimited segment, possibly multiple claims or a sentence fragment. Not an atomic claim or accuracy denominator."
gptoss120-medium,full-source-control,full-source-control-U005,"The conflict culminated at Adrianople in 378, where the Gothic cavalry’s flank attack broke the Roman lines, leading to “the most fearful defeat…since Cannae” and the death of the emperor (pp. 66‑67).","[66, 67]",[],[],no additional material issue identified in supplied-text review,"Citation-delimited segment, possibly multiple claims or a sentence fragment. Not an atomic claim or accuracy denominator."
gptoss120-medium,full-source-control,full-source-control-U006,"**The second excerpt (PDF pp. 169‑170) concentrates on the linguistic decline of Latin in the eastern Mediterranean.** The author notes that even a Greek‑born writer such as Ammianus Marcellinus wrote in Latin, yet by the seventh century “the Roman element was rapidly vanishing” (p. 169).",[169],[],[],no additional material issue identified in supplied-text review,"Citation-delimited segment, possibly multiple claims or a sentence fragment. Not an atomic claim or accuracy denominator."
gptoss120-medium,full-source-control,full-source-control-U007,"The loss is linked to the political split after Constantine’s sons and the later disintegration of the western empire, which cut off the “Latin‑speaking West” from the east (p. 170).",[170],[],[],no additional material issue identified in supplied-text review,"Citation-delimited segment, possibly multiple claims or a sentence fragment. Not an atomic claim or accuracy denominator."
gptoss120-medium,full-source-control,full-source-control-U008,"Barbarian invasions accelerated the shift: the Visigoths, Ostrogoths, and later Slavs devastated the Latin‑speaking Balkan provinces, reducing the proportion of Latin speakers from “a quarter…in A.D. 400” to “not a tenth” by A.D. 620 (p. 170).",[170],[],[],no additional material issue identified in supplied-text review,"Citation-delimited segment, possibly multiple claims or a sentence fragment. Not an atomic claim or accuracy denominator."
gptoss120-medium,full-source-control,full-source-control-U009,"The passage stresses that only isolated enclaves—African cities and the Italian Exarchate—still preserved the language, while the rest of the Balkans had become “Slavonic principalities” (p. 170).",[170],"[""H2-Latin-enclave-scope""]",[],issue recorded,"Citation-delimited segment, possibly multiple claims or a sentence fragment. Not an atomic claim or accuracy denominator."
gptoss120-medium,full-source-control,full-source-control-U010,"**The third excerpt (PDF pp. 241‑247) presents the “literary emperors” Leo VI and Constantine VII, emphasizing their cultural rather than military pursuits.** The author characterizes them as “easy‑going, inoffensive men of literature” who “wrote no annals with their sword” and instead produced useful works for Byzantine historiography (p. 241).",[241],[],[],no additional material issue identified in supplied-text review,"Citation-delimited segment, possibly multiple claims or a sentence fragment. Not an atomic claim or accuracy denominator."
gptoss120-medium,full-source-control,full-source-control-U011,"Leo’s “Tactica” is highlighted for its detailed description of the army’s organization, cavalry themes, and logistical support, portraying a professional force “with none of that variety in arms…that was the bane of medieval armies” (pp. 244‑245).","[244, 245]",[],[],no additional material issue identified in supplied-text review,"Citation-delimited segment, possibly multiple claims or a sentence fragment. Not an atomic claim or accuracy denominator."
gptoss120-medium,full-source-control,full-source-control-U012,"Constantine’s prolific output—treatises on the themes, administration, and court ceremonies—is described as “careful and methodical…gifted with the powers of a compiler” (p. 247).",[247],[],"[""H3-control-books-locator""]",precision note,"Citation-delimited segment, possibly multiple claims or a sentence fragment. Not an atomic claim or accuracy denominator."
gptoss120-medium,full-source-control,full-source-control-U013,"The passage argues that the presence of two literary emperors signals the end of the “intellectual dearth” that had plagued the empire from 600 to 750, noting a revival of Byzantine literature by the ninth century (p. 247).",[247],[],[],no additional material issue identified in supplied-text review,"Citation-delimited segment, possibly multiple claims or a sentence fragment. Not an atomic claim or accuracy denominator."
gptoss120-medium,full-source-control,full-source-control-U014,"**The final excerpt (PDF pp. 358‑367) follows the ultimate decline of the Byzantine state in the late‑medieval period.** After 1370 the empire “ceased to exercise its old function of ‘bulwark of Christendom’” (p. 358),",[358],[],[],no additional material issue identified in supplied-text review,"Citation-delimited segment, possibly multiple claims or a sentence fragment. Not an atomic claim or accuracy denominator."
gptoss120-medium,full-source-control,full-source-control-U015,"becoming a vassal of the rising Ottoman power. John Paleologus’s long reign is recounted, including his son Andronicus’s rebellions and the succession of Manuel II, who briefly hoped to exploit the Ottoman civil war after 1402 (pp. 360‑362).","[360, 362]",[],"[""H4-control-rebellions-locator""]",precision note,"Citation-delimited segment, possibly multiple claims or a sentence fragment. Not an atomic claim or accuracy denominator."
gptoss120-medium,full-source-control,full-source-control-U016,"Manuel’s opportunistic treaties with rival Turkish claimants allowed him to regain some territories, yet the Ottoman fragmentation soon ended, and Murad II’s siege of Constantinople in 1422 was repelled only by a “miraculous vision of the Virgin” (p. 365).",[365],"[""H4-vision-siege-cause""]",[],issue recorded,"Citation-delimited segment, possibly multiple claims or a sentence fragment. Not an atomic claim or accuracy denominator."
gptoss120-medium,full-source-control,full-source-control-U017,"The narrative concludes with the death of Manuel II, the poverty of Constantinople—its population reduced to “about a hundred thousand souls” living in “great poverty,” the dominance of Italian merchants, and an army of merely “four thousand mercenary troops” (p. 366).",[366],[],[],no additional material issue identified in supplied-text review,"Citation-delimited segment, possibly multiple claims or a sentence fragment. Not an atomic claim or accuracy denominator."
gptoss120-medium,full-source-control,full-source-control-U018,"John VI’s brief reign is noted for the loss of Thessalonica to the Ottomans and his futile appeal to the West, illustrating the empire’s final “unredeemed gloom” (pp. 367).",[367],[],[],no additional material issue identified in supplied-text review,"Citation-delimited segment, possibly multiple claims or a sentence fragment. Not an atomic claim or accuracy denominator."
